1	Ståhlberg , K. J. : 	hoito	 teoksessa Suomen hallinto-oikeus , sisäasiain hallinto .
2	Talaan väitöskirja puolestaan käsitteli kunnallisten siteitten löystymistä toisen keskeisen säännöstön , nimittäin 	hoitoasetuksen	 näkökulmasta .
3	II Siviilitoimituskunta : 1. lääninhallituksien alaiset lääninvirkakuntaan kuuluvat henkikirjoittajat kussakin kihlakunnassa , 2. Suomen passivirasto Pietarissa , 3. painoasiain ylihallituksen alaiset painoasiamiehet , 4. lääkintöhallituksen alaisina piirilääkärit , eläinlääkärit ja sairaalat , 5. yleisten rakennusten ylihallituksen alaiset lääninrakennuskonttorit , 6. 	hoidontarkastajan	 alaiset vaivaishoidonneuvojat .
4	II Siviilitoimituskunta : 1. lääninhallituksien alaiset lääninvirkakuntaan kuuluvat henkikirjoittajat kussakin kihlakunnassa , 2. Suomen passivirasto Pietarissa , 3. painoasiain ylihallituksen alaiset painoasiamiehet , 4. lääkintöhallituksen alaisina piirilääkärit , eläinlääkärit ja sairaalat , 5. yleisten rakennusten ylihallituksen alaiset lääninrakennuskonttorit , 6. vaivaishoidontarkastajan alaiset 	hoidonneuvojat	 .
5	Vapaan huollon julkaisuja no 30 ( Helsinki 1949 ) ja Veikko Piirainen , 	hoidosta	 sosiaalihuoltoon .
6		hoitoa	 ja terveydenhuoltoa koskevat luvut ovat erinomaiset .
8	Suomen tiedehallinto on kyllä selvillä siitä , että luonnontieteiden , tekniikan ja lääketieteen tutkimus tarvitsee paljon rahaa välineisiinsä , mutta historian kuten muidenkin yhteiskuntaa ja kulttuuria tutkivien tieteiden luullaan tulevan toimeen sanoisinko 	avun	 turvin .
10	Braudel kuvailee konkreettisesti ylimystön varsinkin renesanssiajasta alkaen järjestämiä siivottomia ja mässäileviä pitoja , joiden ruoantähteet myytiin 	ille	 .
11	Tätä piirrettä sosiaaliturvassa ovat korostaneet aikanaan jo 	hoitoasetukset	 .
12	Perunkirjoituksen toimittaja oli velvollinen tilittämään summan 	kassan	 hoitajalle .
13	Tämän ns. kalun- kirjoitusmaksu ja myöhemmin 	prosentin	 nimellä tunnettu maksu muodosti tärkeän tulolähteen kunnalliselle köyhäinhoidolle .
14	Helsinki 1915 , s. 218 , s. 225. 	prosenttia	 kannettiin Suomessa vuoteen 1981 saakka , jolloin sään- nös kumottiin .
15	Kuningas Kaarle XII antoi 21. 10. 1698 määräyksen , jonka mukaan » kaikesta pesän omaisuudesta oli maksettava 	ille	 yksi kahdeksasosa prosenttia » .
16	Piihavaimun seurakunnan kirkonkirjoihin on merkitty kuolemantapaukset vuosina 1700 — 173 1 6 hautausmaiden mukaan ( Jaanin 	talon	 , Pyhän Barbaran ja Kalamajan hautausmaa ) .
18	Kun 	hoitoasiat	 oli siirretty vihdoin kirkolta kuntien pakollisiksi tehtäviksi , oli myös luontevaa ruveta puhumaan neutraalimmin » köyhäinhoidosta » .
20	Jäykässä sääty-yhteiskunnassa köyhät ja työkyvyttömät olivat parempiosaisten säälin ja armeliaisuuden varassa ; niinpä oli ymmärrettävää , että avun tarpeessa olevia kutsuttiin säälivästi » vaivaisiksi » ja heidän huoltoaan » 	hoidoksi	 » .
21	Kunnallinen 	hoito	 ja pappi .
23	Kun vielä prof. Colliander on refereerannut muutaman saksalaisen professorin mietteitä , jotka koskevat Bezan kodeksia Cambridgen yliopistossa , ja prof. Rosenqvist niinikään on refereerannut ruotsalaisen piispa Rohden mietteitä » kirkollisesta 	hoidosta	 , seuraa pitkä sarja kirjain ilmoituksia .
27	Kunnallinen 	hoito	 ja pappi .
28	KUNNALLINEN 	VAIVAISHOITO	 JA PAPPI .
29	Kunnallinen 	hoito	 ja pappi .
30	KUNNALLINEN 	VAIVAISHOITO	 JA PAPPI .
31	Ennen 1865 vuoden kunnallisasetusta oh 	hoito	 oikeastaan kirkollinen toimi .
32	Tärkeä muutos on sitä vastoin se , että papilta on kielletty oikeus ottaa osaa kansakoulua ja 	hoitoa	 koskevien kysymysten päätöksiin .
33	Komitean puheenjohtaja T. J. Aminoff , joka tässä kohden on antanut vastalauseen , sanoo : „ Kuntien 	hoidossa	 monissa paikoin osoittama into ei perustune yksistään inhimillisyyden perustalle .
34	Mainittu nykyisen . asetuksen pykälä , joka uudessa asetus-ehdotuksessa on 69:säs , kuuluu näin : „ Kunnassa olevalla papilla , vaikkei olekaan lautakunnan jäsenenä , olkoon oikeus ottaa osaa kansakoulua ja 	hoitoa	 koskevain asiain keskusteluihin , vaan ei päätöksiin .
35	Nykyisen kunnallisasetuksen 45 §:n mukaan on seurakunnan kirkkoherra itse-oikeutettu jäsen kunnallislautakunnassa kansakoulua , 	-ja	 terveyshoitoa koskevissa kysymyksissä ja tämän kanssa yhtäpitävästi säädetään 1879 vuoden yleistä vaivaishoitoa koskevan asetuksen 11 §:ssä ja sen 3 momentissa : „ Kirkkoherralla tahi hänen sijaisellansa olkoon valta olla osallisena kirkkoherrakuntaan kuuluvien vaivaishoito-hallitusten keskusteluissa ja päätöksissä .
36	Nykyisen kunnallisasetuksen 45 §:n mukaan on seurakunnan kirkkoherra itse-oikeutettu jäsen kunnallislautakunnassa kansakoulua , vaivais-ja terveyshoitoa koskevissa kysymyksissä ja tämän kanssa yhtäpitävästi säädetään 1879 vuoden yleistä 	hoitoa	 koskevan asetuksen 11 §:ssä ja sen 3 momentissa : „ Kirkkoherralla tahi hänen sijaisellansa olkoon valta olla osallisena kirkkoherrakuntaan kuuluvien vaivaishoito-hallitusten keskusteluissa ja päätöksissä .
37	Nykyisen kunnallisasetuksen 45 §:n mukaan on seurakunnan kirkkoherra itse-oikeutettu jäsen kunnallislautakunnassa kansakoulua , vaivais-ja terveyshoitoa koskevissa kysymyksissä ja tämän kanssa yhtäpitävästi säädetään 1879 vuoden yleistä vaivaishoitoa koskevan asetuksen 11 §:ssä ja sen 3 momentissa : „ Kirkkoherralla tahi hänen sijaisellansa olkoon valta olla osallisena kirkkoherrakuntaan kuuluvien 	hoito-hallitusten	 keskusteluissa ja päätöksissä .
38	myöskin puheenjohtaja 	hoitokunnassa	 .
39	KUNNALLINEN 	VAIVAISHOITO	 JA PAPPI .
40	Mutta silloinkin . kun 	hoito	 tehtiin kunnalliseksi asiaksi , luultiin kuitenkin välttämättömäksi pidättää papille oikeus ottaa osaa keskusteluihin ja päätöksiin .
41	On tapana puhua hyvinkin ylenkatseellisesti sen ajan 	hoidosta	 , ja hra Aminoffkin sanoo , että ~vaivaishoito nykyään käypi entistä parempaan suuntaan .
42	On tapana puhua hyvinkin ylenkatseellisesti sen ajan vaivaishoidosta , ja hra Aminoffkin sanoo , että 	hoito	 nykyään käypi entistä parempaan suuntaan .
43	Minun luullakseni ohsi kyllä ollut syytä muuttaa puheena olevan 45 §:n sananmuotoa siten , että kirkkoherralla olisi velvollisuus ottaa osaa keskusteluihin ja päätöksiin 	hoito-kysymyksissä	 .
44	Mitä omasta tiedostani tässä kohden luulen huomanneeni , on se , 	hoidon	 alaiset tätä nykyä etteivät ole tyytyväisempiä kuin ennen , ja että vaativaisuus ja kustannukset ovat kasvaneet yhtä niittaa .
45	Kolmenkymmenen vuotinen aikakausi on vaikuttanut tietystikin kaikkialla parannuksia , ja parannuksia ohsi kyllä tapahtunut 	hoidonkin	 alalla , vaikka se olisikin pysynyt laupeuden toimena , niinkuin sen aina pitäisi olla .
46	Ja jos vahtettavasti täytynee myöntää , papit kovinkaan innokkaasti etteivät ole käyttäneet nytkään oikeuttansa 	kokouksiin	 nähden , niin vähentynee tämä harrastus syystäkin vielä enemmin . „ No , päästäänhän sitten vihdoin noista papeista !
47	Semmoisella laitoksella on kyllä toinen ala kuin kunnallisella 	hoidolla	 .
48	Omituinen katsantokanta , niin kauvan kuin kuvernööri antaa käskyjänsä sakon uhalla kunnan 	hoito-asioissakin	 .
49	Yksi syy , joka- lisäksi aiheuttaa papin alituista osanottoa kunnalliseen 	hoitoon	 , on se kiitettävä harrastus , joka viimeaikoina on syntynyt kirkollisen diakonaatin aikaansaamiseen .
50	Laitoksen diakonissoja käytettiin ympäri maata kunnallisissa 	huoneissa	 , valtion hospitaleissa ja yksityisissä asyleissa , vanhojen kodeissa , Magdalena kodeissa ja hoitohuoneissa .
51	2:o. Yhteiskunnallista hätää vastaan , johon kuuluu kirkollisen ja vapaan 	hoidon	 järjestäminen , lapsiseimien perustaminen , työmieskolonioiden ja vaeltajain työpuikkain perustaminen , evankee-
53	sitä vastaavaan toimintaan ja sitte pyhäkoulujen elvyttämiseksi ja että nykyiset niinkutsutut 	kollehdit	 Tuomiokapitulin toi-
54	Nähtävästi pelättiin asiantuntevissa piireissä sitä , että hallitus mielellään ei näe kirkollisen 	hoidon	 kehittymistä legaalisen rinnalla ja tavallaan sen kilpailijana .
55	Mutta jos tarkastaa kollehtivaliokunnan edellistä pontta , niin ei ole vaikea huomata , mihin suuntaan kirkollisten 	hoitoa	 on ajateltu ohjattavaksi , nim . pääasiallisesti sairashoidon alalle ja sillä alalla ei legaahnen vaivaishoito ainakaan nykyään suuria teline .
56	Mutta jos tarkastaa kollehtivaliokunnan edellistä pontta , niin ei ole vaikea huomata , mihin suuntaan kirkollisten vaivaishoitoa on ajateltu ohjattavaksi , nim . pääasiallisesti sairashoidon alalle ja sillä alalla ei legaahnen 	hoito	 ainakaan nykyään suuria teline .
57	että opettajat kukin seurakunnassansa itse kasvattavat apumiehiä hartaushetkien pitämistä ja sielunhoitoa varten , johtavat ja valvovat heitä ; ja samalla pyrittäisiin siihen päämäärään , että toimeen saataisiin laitos , jossa valmistetaan mieshenkilöjä , jotka kykenevät sairaanhoitajiksi , 	huoneen	 esimiehiksi , kaupunkilähettiläiksi j. n. e. ;
58	Jälkimäisestä sitävastoin lunastettiin siitä , oliko ryhdyttävä Tuomiokapitulin tässä initsiatiiviin , vaiko kunkin paikallisseurakunnan itsensä asiasta legaalisen 	hoidon	 kanssa sovittava ( provasti Nordströmin ehdotus . ) Äänestyksessä pääsi viimeksi mainittu mielipide voitolle , sillä lisäyksellä että Tuomiokapituli kiertokirjeessä kehottaa paikallisseurakuntia tarpeellisiin toimiin ryhtymään .
59	Niinikään oli koettanut hän järjestää vaivdshoidonkin ja sitä varten rakennuttanut 	huoneen	 .
63	Välttämättömän tarpeellinen on siis 	tuvankin	 ylläpitäminen , erittäinkin Omsiirtokunnassa .
65	Vuosi vuodelta alkaa yhä useampi tänne lähetetyistä käydä vanhaksi ja saamattomaksi ja usein sokeaksi , ja monella heistä ei ole muu vanhuuden turva , kdn 	huone	 .
68	Virka-arkistot : Hailuodon seurakunta 1700 — 1924 ; Inarin ja Utsjoen aluelääkäri 1942 — 1947 ; Inarin aluesairaala 1947 — 1953 ; Kemin lennätinkonttori 1918 — 1927 ; Lapin lääninhallitus , hakemistot 1938 — 1950 , päätös- ja kirjekonseptit 1938 — 1951 ja saapuneet asiakirjat 1938 — 1976 ; Limingan kunta 1857 — I 960 ; Muonion nimismiespiiri 1921 — 1983 ; Oulun kaupunki , 	hoitohallitus	 1895 — 1906 ; Oulun lyseo 1904 — 1975 ; Oulun lääninkanslia 1919 — 1926 ; Oulun lääninsairaala 1966 — 1972 ; Oulun vesipiirin vesitoimisto 1894 — 1972 ; Raahen kaupunginarkisto , rahatoimikamari L 810 — 1929 ; Raahen merimieshuone 1816 — 1938 ; Ranuan nimismiespiiri 1918 — 1943 ; Raution seurakunta 1803 —
70	Pyhälle Hengelle omistetut laitokset olivat usein yhteydessä köyhäin- ja 	hoitoon	 .
74	Mikkelin seurakunnan emäntäyhtiö toi Suonsaaren 	taloon	 ompeluseuroissaan valmistamia vaatteita kansakoulun köyhiä lapsia varten ja virvoittaen vaivaistalon asukkaita kahveella leipinensä .
75	Mikkelin seurakunnan emäntäyhtiö toi Suonsaaren vaivaistaloon ompeluseuroissaan valmistamia vaatteita kansakoulun köyhiä lapsia varten ja virvoittaen 	talon	 asukkaita kahveella leipinensä .
76	Tällöin seurauksena voi olla palvelujen valikoituvuuden lisääntyminen ; palvelupisteet saattavat leimautua vanhusparatiiseiksi ja 	taloiksi	 .
77	Tekijä liikkuu tottuneesti myös taidehistorian ja kielitieteen puolella : esim. kun eriaikaiset suomalaiset lainasanat Ruotsissa pannaan todistamaan ympäristöstään tai Karlskronan 	ukko	 havaitaan Suomesta lainautuneeksi .
81		taksan	 takseeraus
82	Haukivuorellakin 	taksan	 menot on takseerattu vuosi vuodelta suuremmiksi .
83	Haukivuorella pidettiin yleinen 	kokous	 , jossa annettiin kunnan hoitofaisia hoidettavaksi siihen sopiville henkilöille sekä myönnettiin apua puuteen alaisille .
84	Lautak . esimiehen selittelyä ett 	taksaan	 ei ole täkseerattu tappuraavaita eikä rahaa kahvin ostoon , poistui avunpyytäjät jotkut muristen : Ossoonhan minä tässä kuvernyöriin .
105	- Mikkelin markkinoilta on tullut kaupungin kassaan hirsipuodeista , lautakojuista , teltistä ja kahvinmyyntipaikoista 2.320 m sekä 	kassaan	 näyttelijöiltä ja positiivin soittajilta 43 m.
107		ukon	 morsian on T. J. Särkän vuonna 1944 ohjaama kotimainen elokuva .
108	Osa 20 / 25. 19.25 	ukon	 morsian .
110		ukon	 morsian ( Fattiggubbens brud ) .
111		ukon	 morsian täynnä elokuvan helmasyntejä
112	T. J. Särkän ura ohjaajana ei ollut yhtä merkittävä kuin tuottajana , niistä toimii osoituksena Särkän vuonna 1944 ohjaama 	ukon	 morsian ( 1944 ) .
116	uskon koko 	ryhmän	 pelaavan MM-avauksessa Saksaa vastaan , kertoi Evensson keskiviikkona .
118	1909 myytiin noin 1 000 hehtolitraa viljaa 	talon	 rakennusrahaston kartuttamiseksi .
129	Puiset 	ukot	 olivat tavallinen näky kirkkojen ulko-ovilla .
130	Ihan 	ukkokauteen	 kuitenkaan ei palattu , muna vaikutteita on saatu ilmeisesti historiasta .
137	- Lahja 	kassalle	 .
138	1 p:näon Naisvuoren huvilassa koottu kaupungin 	kassaan	 2 mk .
143	Suonsaaren 	talolla	 on tapahtunut jonkunlainen kahakka hoitajan J. Stenbom'inja erään mielipuolisen hoidettavan kesken .
145	Suonsaaren 	huoneella	 on ollut useampia vesirokon kohtauksia lapsissa .
151	Alkujaan sitä kutsuttiin 	taloksi	 eli kansan suussa hohhoi-taloksi .
154	Soilta joilta ennen haetuin erinomaiset pärepuut koppiin ja vasuihin , on täyttävä propsipuun mitat kitukasvuinen 	mänty	 parturoitu pois .
166	Senati on käskenyt tämän joulukuun 3 päivänä kuvernörejä kieltämään vahvistuksen kaikilta sellaisilta heille vahvistettaviksi jätetyiltä 	hoito-ohjesäännöiltä	 , joiden mukaan köyhäin ihmisten huutokaupalla myynti on sallittu .
174	köyhäintupia , Turun hiippakunnassa kehitettiin 	ruotujärjestelmä	 sen korvikkeeksi , kuten Mikko Juva on osoittanut .
175	- Mainittakoon ohimennen , että tekijän samassa yhteydessä mainitsemat köyhien tukeista kehittyneet 	ukot	 näyttävät taidehistorian mukaan olevan suomalainen ilmiö ( Markus Leppo ) .
177	Toisena joulupäivänä piti rovasti B. Salin jumalanpalveluksen 	talon	 kansa- Koululla .
183	Akka oli saanut 	hoidolla	 summan apurahoiksi , mutta sinne katosivat kuin mieskin , jota sittemmin ei ole näkynyt .
184	Ei 	taloa	 Kangasniemelle .
185		talo	 tuulen tuville
186	Viime kuun 31 päivänä pidetyssä kuntakokouksessa Kangasniemellä esitettiin 	hoidon-tarkastajan	 A. Helsingiuksen kehotuksesta kysymys vaivaistalon perustamisesta Kangasniemelle .
187	Viime kuun 31 päivänä pidetyssä kuntakokouksessa Kangasniemellä esitettiin vaivaishoidon-tarkastajan A. Helsingiuksen kehotuksesta kysymys 	talon	 perustamisesta Kangasniemelle .
188	Enin osa seurakuntalaisista pani jyrkän vastalauseen tälle kysymykselle , joten koko 	talon	 homma Kangasniemessä tällä kertaa joutui tuulen tuville .
189	Ehkä lienee vaikuttanut ukoista sekin osaksi , että useat henkilöt Kangasniemen naapuripitäjissä , joissa jo on 	talo	 , ovat sitä laivailleet muutamille Kangasniemen seurakuntalaisille liian synkillä väreillä .
192	KIRURGIT RISTO HÄMÄLÄINEN kirurgian erikoislääkäri thorax- ja verisuonikirurgian erikoislääkäri NIILO HÄRKÖNEN kirurgian erikoislääkäri vatsaelinkirurgian erikoislääkäri Teemme - ruokatorven ja mahalaukun sekä paksusuolen ja peräsuolen tähystykset - 	enluu-	 ja vasaravarvasleikkaukset - luomet , arpikorjaukset , rannekanava-ahtaumat - muut pienet kirurgiset toimenpiteet VASTAANOTTOMME Maaherrank .
195	Mikkelin pitäjän kuntakokouksessa mennä lauantaina päätettiin muun muassa , että Suonsaaren 	huone	 on yhdistettävä puhelangalla kaupungin kanssa .
203	Lähtiessäni panemaan maan 	taloja	 kuntoon lähdin toteuttamaan isäni perintöä , hän kertoo .
206	- Mielipuolisia 	hoitolaisia	 rautakahleissa on nähty tänä talvena Kangasniemelläkin .
211	Vibergin mukaan vanhainkodin yleinen osasto on peräisin 	taloajalta	 .
214	Plant The Seed laukkasi puolestaan 400 metrin jälkeen 	uuttaan	 ja Express Ex jo ensimmäisessä kaarteessa hylkäykseen saakka .
217	Mainio 	hoito	
219	Joutsan pitäjä sai 	taloksi	 Koiravuoren talon , vaan rakennuksen kunta saapi haltuunsa vasta syksyllä .
232		talo	 Mikkeliin
233	Valiokuntaa pyydetään myös vastaisuudessa tekemään muutosehdotuksia 	hoito-ohjesääntöön	 .
234	Valtuusmiehet valitsivat 	talon	 rakentamiseksi kaupunkiin valiokunnan , joka pyytäisi arkkitehtia tekemään täydellisen piirustukset ja joka valiokunnan kanssa ehdotetulle paikalle mittaisi ja paaluttaisi rakennuksen sijat .
235	Valtuusmiehet valitsivat vaivaistalon rakentamiseksi kaupunkiin valiokunnan , joka pyytäisi arkkitehtia tekemään täydellisen 	talon	 vaivaistalon piirustukset ja joka valiokunnan kanssa ehdotetulle paikalle mittaisi ja paaluttaisi rakennuksen sijat .
237	- Vanhan-aikuista 	hoitoa	 .
247	Lääkintöhallituksen rekisteröimä JALKOJENHOITAJA \W Leila Pekonen ★ Jalkojen terveystarkastus ja -hoito ★ Ihomuutostenhoito ( esim . kovettumat , känsät , syylät ) ★ Kynsihoidot - paksuuntuneet kynnet - sisäänkasvavan kynnen oikaisuhoito - kemiallinen kynnen poisto urealla ir Varpaiden oikaisuhoito / osaproteesit slikoniorteesfla ir Liikehoitoa mm. 	enluun	 leikkauksen iälkeistä kuntoutusta ir Myös kotikäynnit MIKKELIN KOSMETOLOGINEN HOITOLA Porrassalmenkatu 13 B 3 krs .
251	Omaksi suosikikseen hän nimeää 	hiiren	 .
264	- Hirvensalmen kunta on päättänyt käyttää viimevuotiset viinaverorahat noin 700 markkaa , sellaisten köyhäin lasten koulunkäynnin avuksi , joille 	kassasta	 , kun niillä työhönkykenevät vanhemmat , ei ei anneta mitään apua .
268	Timo oli jokseenkin sekavassa olotilassa , hän meinaan höpisi , että vihaa 	koivuja	 , eikä anna meille joulupukkirukkasia .
270	ja yhteiskunnan muutostarpeista , jota käytiin pitkin 1840-lukua osana 	hoitolainsäädännön	 uudistamista .
271	Jo 1906 1917 kaksi vuotta voimassa olleen 	ohjesäännön	 mukaan tehtiin viimeinkin se muu- LÄNSI-SAVO tos , että kaikki vaivaisapua nauttivat taijot- 1917 _ tiin elätettäviksi puoleksi vuodeksi , joten vaivaisten eläkkeelle tarjoaminen vasfedes tapahtuu kesällä .
272	Jo 1906 1917 kaksi vuotta voimassa olleen vaivaisohjesäännön mukaan tehtiin viimeinkin se muu- LÄNSI-SAVO tos , että kaikki 	apua	 nauttivat taijot- 1917 _ tiin elätettäviksi puoleksi vuodeksi , joten vaivaisten eläkkeelle tarjoaminen vasfedes tapahtuu kesällä .
275	- ruokatorven ja mahalaukun seka paksusuolen ja peräsuolen tähystykset - peräpukamien ns. hirttohoidot - 	enluu-	 ja vasaravarvasleikkaukset - luomet , arpikorjaukset , rannekanava-ahtaumat - rintakasvainten poistot - muut pienet kirurgiset toimenpiteet VASTAANOTTOMME Maaherrank .
285	Mutta eräänä päivänä sattui miehelle niin hullusti , että eräs jolle hän juuri oli valittanut 	uuttaan	 , näki hänet pihassaan toisen lurjuksen kanssa kallistelevan pullosta mitä ahneempia siemauksia eikä ollut jaloissa eikä käsissä mitään vaivaisuuden merkkiä .
286	Mutta eräänä päivänä sattui miehelle niin hullusti , että eräs jolle hän juuri oli valittanut vaivaisuuttaan , näki hänet pihassaan toisen lurjuksen kanssa kallistelevan pullosta mitä ahneempia siemauksia eikä ollut jaloissa eikä käsissä mitään 	uuden	 merkkiä .
296	- 	hoidon	 tarkastaja Suomessa .
334		hoidon	 alalta
335		hoidon	 tarkastaja on huomannut yhä selvemmin että sivistyneet naiset ovat sopivimmat johtajiksi vaivaistaloihin .
336	Vaivaishoidon tarkastaja on huomannut yhä selvemmin että sivistyneet naiset ovat sopivimmat johtajiksi 	taloihin	 .
337	Useat kunnat , joiden 	taloissa	 oli miesjohtajat , ovat ottaneet naisia tähän toimeen .
345	KIRURGIT RISTO HÄMÄLÄINEN kirurgian erikoislääkäri thorax- ja verisuonikirurgian erikoislääkäri NIILO HÄRKÖNEN kirurgian erikoislääkäri gastroenterologisen kirurgian erikoislääkäri Teemme - ruokatorven ja mahalaukun sekä paksusuolen ja peräsuolen tähystykset - peräpukamien ns. hirttohoidot - 	enluu-	 ja vasaravarvasleikkaukset - luomet , arpikorjaukset , rannekanava-ahtaumat - rintakasvainten poistot - muut pienet kirurgiset toimenpiteet VASTAANOTTOMME Maaherrank .
347	mukset ovat kuin 	koivuja	 tai jotakin vieläkin pahempaa .
351	Tutkimuksen kohteena on ollut tunturikoivu , joka on hieskoivun ja 	koivun	 risteytymä .
353	Vaikka minusta onkin vastenmielistä keskustella pelkkien nimimerkkien kanssa - totean nimimerkille , että puukauppa ja metsän kasvatus nykyään ei ole 	hoitoa	 , vaan tiukkaa taloudellista toimintaa , kun vastapuolena ovat pyörittävät miljardien markkojen liikevaihtoa metsäjätti-yritykset .
355	Elokuva SKIERRI- 	koivun	 maa ti 12.10. klo 17.00 Kino-Rltz os. Mikonkatu 1 ohj .
356	Elokuva SKIERRI- 	koivun	 maa ti 12.10. klo 17.00 Kino-Ritz os. Mikonkatu 1 ohj .
372	Nythän toimentuloturva rakentuu edelleen 	huoltoajatuksen	 pohjalle .
379	Stefania Belmondon hienot cup-hiihdot ovat yllätys , sillä italialaisen vasemman jalan 	enluu	 on leikattu ennen kauden alkua kahteen otteeseen .
380	Korvatunturin viljapellotkin pantiin pakettiin ja tilalle istutettiin 	koivua	 .
381	Kuntalaiset ovat kyselleet huolestuneina , että onko tarkoitus palata 	hoidon	 aikaan ?
383	Harjula puolestaan loi katsauksen vammaiskäsitysten kehityksestä 1880-luvun 	uudesta	 , aistiviallisuuden ja degeneraation kautta vähitellen 1930-luvun invalidisuuteen .
385	67 Katri Hellsten : 	hoidosta	 hyvinvointivaltion kriisiin : hyvinvointivaltiokehitys ja so- siaaliturvajärjestelmän muotoutuminen Suomessa .
395	Sakari Topelius nimitti aikoinaan Suomea Euroopan 	huoneeksi	 .
399	Suonsaaren 	talolla	 kävi läänin kuvernööri toimittamassa tarkastuksen .
400	Köyhäinhuoneessa hoidettavat lapset kävelivät ympäri paljain jaloin , jonka vuoksi kuvernööri ehdottaa , että , niille jollei voida hankkia nahkaisia jalkineita , 	hoitolaiset	 itse voisivat valmistaa jalkineita niinestä eli tuohesta .
407	KIRURGIT RISTO HÄMÄLÄINEN kirurgian erikoislääkäri thorax- ja verisuonikirurgian erikoislääkäri NIILO HÄRKÖNEN kirurgian erikoislääkäri gastroenterologisen kirurgian erikoislääkäri Teemme - ruokatorven ja mahalaukun sekä paksusuolen ja peräsuolen tähystykset - peräpukamien ns. hirttohoidot - 	enluu-	 ja vasaravarvasleikkaukset - luomet , arpikorjaukset , rannekanava-ahtaumat - rintakasvainten poistot - muut pienet kirurgiset toimenpiteet VASTAANOTTOMME Maaherrank .
408	Enemmän siis tarkkaavaisuutta tarvittaisiin 	elojen	 jakoon .
420		talo	 valmistui 1909 .
421	Kunta on omistanut Leppäniemen vuodesta 1909 lähtien , jolloin se ostettiin 	talon	 rakentamista varten .
433	Mikkelin kaupungin 	talo	 on nyt jo täydessä kunnossa oikein Lammin hovin näköinen .
434		taloon	 kuuluu kaikkiaan viisi rakennusta : Päärakennus , piharakennus , rakennus mielisairaita varten , sauna ja pesutupa sekä ulkohuonerakennus .
442	Hevonen potkasi jalan poikki toiselta hevoselta Suonsaaren 	talolla	 .
443	Oli viety kuusi hevosta yhfaikaa juotettaviksi kaivolle , jolloin 	talon	 hevonen potkasi torppari Hiskias Liukkosen hevosta jalkaan niin pahasti että jalka meni poikki .
450	KIRURGIT RISTO HÄMÄLÄINEN kirurgian erikoislääkäri thorax- ja verisuonikirurgian erikoislääkäri NIILO HÄRKÖNEN kirurgian erikoislääkäri gastroenterologisen kirurgian erikoislääkäri Teemme - ruokatorven ja mahalaukun sekä paksusuolen ja peräsuolen tähystykset - peräpukamien ns. hirttohoidot - 	enluu-	 ja vasaravarvasleikkaukset - luomet , arpikorjaukset , rannekanava-ahtaumat - rintakasvainten poistot - muut pienet kirurgiset toimenpiteet VASTAANOTTOMME Maaherrank .
451	- 	hoito-oloja	 tutkimassa kävi Mikkelissä Venäjän senaatin virkamies , valtioneuvos W. Scalon .
452	Valtioneuvos Scalon kävi katselemassa kaupungin sekä Suonsaaren 	taloja	 , jotka hänen mielestään olivat erinomaisessa kunnossa Sitä paitsi käytiin katselemassa asevelvollisten kasarmia , kutomakoulu , kansakouluja ja V. P. K taloa .
458	16.10 	ukon	 käsi - kunnat EU:n kukkarolla .
459	Joutsan 	talolta	 muuan vaivainen vanha vaimo , joka tavallisesti vietti päivänsä talon tuvan uunin pankolla , katosi toissa viikolla .
473	Tien mutka meni bussille jostakin syystä suoraksi , ja auto suistui jyrkkää 	koivuja	 kasvavaa törmää pitkin kunnes kaatui .
474	Kehitysvammaisten hoidosta huolehtivatkin lähinnä omaiset kunnan 	hoidon	 avustuksella .
477	mahdollisti 	kassojen	 tehokkuuden .
478	Lukija oppii ymmärtämään , miksi ja milloin tarve vähäisen 	hoidon	 laajentamisesta laajaksi huoltotoiminnaksi syntyi .
479	Pulma antaa nyt ensimmäisen kerran historian yleisteoksessa 1800-luvun rouvasväenyhdityksille huomattavan merkityksen sosiaalityön uranuurtajina : Rouvasväenyhdistysten työmuodot , kodeissakäynnit , käsitöiden järjestäminen , erityisesti tytöille tarkoitetut internaattikoulut , lastenseimet ja köyhäinkeittolat lavensivat sosiaalisen työn muotoja siitä passiivisesta tuen jakamisesta , johon 	hoito	 rajoitti toimintansa .
480	Esimerkiksi Ruotsin manufaktuureissa käytettiin 1800-luvun alkupuolella paljon erilaisiin pakko- ja huoltolaitoksiin otettuja henkilöitä ja 	avun	 tarvitsijoita , ja vain osa heistä oli lastenkotien lapsia .
482	Syynä ei ole vain vuoden 1918 tapahtumat , vaan sitäkin enemmän maanomistusolojen muuttuminen , rahatalouden kehitys , teollistuminen , kaupungistuminen ja 	hoitojärjestelmän	 uudistuminen .
491		talot	 lienevät kunnan elättien lisääjiä ja loisten linnoja .
492	Kyllä 	talolle	 kelpaa rujot ja rammat , hyvät ja huonot .
493	Rantasalmella on 	talo	 , jossa on kolmatta sataa kunnan elättiä .
494	Jos taas ei tahdota ottaa 	hoitoon	 , heti uhataan mennä toisiin seurakuntiin , ja jos siellä pannaan kruununkyytiin , niin kyllä kunta maksaa .
496	- Yhä löytyy asiakkaita , jotka ajatuksissaan vertaavat kirkonkylien yhteisöjä entisaikojen kunnalliskoteihin tai jopa 	taloihin	 , kertoo Puumalan avopalvelukeskuksen johtaja Tuula Tarhonen
497		ukkojen	 tilalla pelasivat Markus Rautio ja Mikke Huju
498	KIRURGIT RISTO HÄMÄLÄINEN kirurgian erikoislääkäri thorax- ja verisuonikirurgian erikoislääkäri NIILO HÄRKÖNEN kirurgian erikoislääkäri gastroenterologisen kirurgian erikoislääkäri Teemme - ruokatorven ja mahalaukun sekä paksusuolen ja peräsuolen tähystykset - peräpukamien ns. hirttohoidot - 	enluu-	 ja vasaravarvasleikkaukset - luomet , arpikorjaukset , rannekanava-ahtaumat - rintakasvainten poistot - muut pienet kirurgiset toimenpiteet VASTAANOTTOMME Maaherrank .
504	muuttanut henkilö sai vasta tietyn ajan kuluttua kotipaikkaoikeuden , jos oli kyennyt asumaan kunnassa 	apuun	 turvautumatta .
507	Rääkätty mies vietiin 	talolle	 , missä hän kuoli .
508	Kysymykseen mitä laatikko sisälsi , 	hoidon	 tarkastelialle vastasi myyjä että ne olivat peräisin kerjäläisiltä eli heiltä ostettuja leipäpalasia .
509	- Meille on kerrottu täytenä totena omituinen sattuma , että kun Suomen 	hoidon	 tarkastelia Helsingissä meni erääseen puotiin , huomasi hän erään laatikon , jossa oli koko joukko leivänpalasia .
523	Vaivaako Sinua jalkoihin kohdistuvat kynsi- tai iho-ongelmat , känsät , syylät , 	enluut	 , varvasvammat tai kovettumat ?
525	Tämäkin tapaus jo todistaa kuinka tarpeellinen olisi 	hoitohuone	 Kerimäelläkin , jos ei muita niin ainakin tämmöisiä heikkomielisiä sairaita varten .
529	KIRURGIT RISTO HÄMÄLÄINEN kirurgian erikoislääkäri thorax- ja verisuonikirurgian erikoislääkäri NIILO HÄRKÖNEN kirurgian erikoislääkäri gastroenterologisen kirurgian erikoislääkäri Teemme - ruokatorven ja mahalaukun sekä paksusuolen ja peräsuolen tähystykset - peräpukamien ns. hirttohoidot - 	enluu-	 ja vasaravarvasleikkaukset - luomet , arpikorjaukset , rannekanava-ahtaumat - rintakasvainten poistot - muut pienet kirurgiset toimenpiteet VASTAANOTTOMME Maaherrank .
565	Isännistä tuli isäntien varjoja , 	ukkojaja	 proletaareja .
582	Kun Paterin 	ukkojen	 armeijaan lisätään vielä Harri Vanni , jonka pelejä on haitannut ainakin jonkin verran kuukausi sitten sijoiltaan muljahtanut polvilumpio niin Paterin syyskausi on sujunut pelillisesti yllättävänkin hyvin .
584	Monissa vanhemmissa tutkimuksissa asia on tullut esiin lähinnä 	hoidon	 yhteydessä .
585	Tämä sinällään ei ole ollut väärin , koska yhteisön kannalta vammaisuus , 	uus	 ja köyhyys , tarkkaan ottaen absoluuttinen avuttomuus , ovat merkinneet yhtä ja samaa ongelmaa .
587	14 Harold Wilensky : and Equality ( 1975 ) , s. 1. Hyvinvointivaltion mää- rittelemisestä ks. myös lan Gough : The The Political Economy of the Weifare State ( 1 979 ) , s. 3- 4 ; Katri Hellsten : 	hoidosta	 hyvinvointivaltion kriisiin ( 1993 ) , s. 17-20.
588	Vuonna 1888 tehtävänsä senaatin alaisena 	hoidon	 tarkastelijana aloittanut Gustaf Adolf Helsingius teki mittavan päivätyön niin nimellä kulkeneen heikoimmassa asemassa olevien kansalaisten toimeentulon ja hoidon valvojana kuin myös sosiaalipolitiikan eräänä tiennäyttäjänä .
589	Vuonna 1888 tehtävänsä senaatin alaisena vaivaishoidon tarkastelijana aloittanut Gustaf Adolf Helsingius teki mittavan päivätyön niin 	hoidon	 vaivaishoidon nimellä kulkeneen heikoimmassa asemassa olevien kansalaisten toimeentulon ja hoidon valvojana kuin myös sosiaalipolitiikan eräänä tiennäyttäjänä .
594	Ne 	hoitoa	 nauttivat lapset , jotka ovat kuutta vuotta nuorempia hoidetaan Suonsaaren vaivaistalolla .
595	Ne vaivaishoitoa nauttivat lapset , jotka ovat kuutta vuotta nuorempia hoidetaan Suonsaaren 	talolla	 .
596	Kaikki kunnassa olevat 	hoitoa	 nauttivat lapset , jotka ovat täyttäneet kuusi vuotta annettiin nyt ympäri pitäjää luotettavain henkilöiden hoidettaviksi ja kasvatukseen .
597		hoitoon	 kuuluvat lapset Mikkelin mlk:ssa , joita tähän saakka on hoidettu vaivaistalolla Suonsaaressa ja osaksi yksityisten luona , annettiin kunnan huoneella asianmukaisten kontrahtien nojalla yksityisiin perheisiin kasvatettaviksi ja hoidettaviksi .
598	Vaivaishoitoon kuuluvat lapset Mikkelin mlk:ssa , joita tähän saakka on hoidettu 	talolla	 Suonsaaressa ja osaksi yksityisten luona , annettiin kunnan huoneella asianmukaisten kontrahtien nojalla yksityisiin perheisiin kasvatettaviksi ja hoidettaviksi .
600		salmi	 avataan
601	Joutsassa Suonteella sijaitsevan 	salmen	 kunnostamissuunnitelma on valmistunut Keski-Suomen ympäristökeskuksessa .
607		ukko	 on tuomiokirkossa 26:nteen helmikuuta .
608	Oulun tuomiokirkko saa puolestaan harvinaisen vieraan : kirkkoon tulee helmikuun ajaksi vanha 	ukko	 Pohjois-Pohjanmaan museon kokoelmista .
613	Ei ole hormonien vika , että naisilla on kymmenen kertaa enemmän 	enluita	 kuin miehillä .
621		salmi	 kunnostetaan
622	Ruokorannan yksityistie on saanut 	salmen	 kunnostushankkeeseensa 55 prosentin valtionapupäätöksen .
623	Keski-Suomen ympäristöpiiriä kiirehditään toteuttamaan tänä vuonna 	salmen	 ruoppaussuunnitelmaansa .
642	T. k. 18 p:ää vasten yöllä paloi Rantasalmen 	talon	 navettarakennus eläimineen - ainoastaan hevoset ja yksitoista lehmää on saatu pelastetuksi .
648		pöllöveistokseen	 voi pudottaa vapaaehtoisen maksun .
656	Amerikassa toisen 	uudella	 herkuttelusta nautitaan .
665	Juolukan , suopursun , variksenmarjan ja 	koivun	 joukkoon ilmestynyt jäkälä sen sijaan kielii suojelualueen rajantakaisen ojan vaikutuksista .
669	30. - , lapset 10. - , ryhmät 25 , - P. ( 955 ) 452 500 KIRURGIT RISTO HÄMÄLÄINEN kirurgian erikoislääkäri thorax- ja verisuonikirurgian erikoislääkäri NIILO HÄRKÖNEN kirurgian erikoislääkäri gastroenterologisen kirurgian erikoislääkäri Teemme - ruokatorven ja mahalaukun sekä paksusuolen ja peräsuolen tähystykset - peräpukamien ns. hirttohoidot - 	enluu-	 ja vasaravarvasleikkaukset - luomet , arpikorjaukset , rannekanava-ahtaumat - rintakasvainten poistot - muut pienet kirurgiset toimenpiteet VASTAANOTTOMME Maaherrankatu 19 B 15 Mikkeli Ajantilaus puh. ( 955 ) 212 111 Sotainvalidien Veljesliiton Suomenniemen Sotainvalidit ry:n e S ajs / aoston SO-wiotigjiiAla su 1. 9. 1996 alkaen klo 10 Suomenniemen kirkossa ja jumalanpalveluksen jälkeen juhla seurakuntakodilla .
706	Hänen tunnetuimpia teoksiaan ovat kuitenkin fantasiapohjaiset enkeli- ja 	poikalitot	 .
707	Vuosien 1852 ja 1879 	hoitoasetukset	 takasivat perustoimeentulon suppeimmillaankin alle 15- vuotiaille holhousta vailla oleville lapsille , mielisairaille , liikuntavammaisille , pitkäaikaissairaille ja vanhuudenheikoille .
708	Savon ja Pohjois-Karjalan maaseudun 	hoitotoiminta	 vaivaishoidon murroskautena 1800-luvun jälkipuoliskolla .
709	Savon ja Pohjois-Karjalan maaseudun vaivaishoitotoiminta 	hoidon	 murroskautena 1800-luvun jälkipuoliskolla .
710	Sanontaa toimeentulotukilainsäädännön kehitys tekijä on käyttänyt funktionaalisesti ja laajassa mielessä : se viittaa paitsi sosiaalihuoltolakiin myös huoltoapulakiin , köyhäinhoitolakiin ja 	hoitoasetukseen	 sekä vielä tätäkin aikaisempiin sääntelyihin .
711	Olihan esittänyt Luther kirjassaan Saksan kansan kristilliselle aatelille kristillisen säädyn parantamisesta ( 1520 ) julkista vastuuta korostavan 	vaishoidon	 perusteet , joihin
712	Sillä on otettava huomioon , että Suomen 	hoitoasetuksen	 mukaan pakollista vaivaishoitoapua ei ole annettava jokaiselle , joka ei ilman sitä voisi tulla toimeen .
713	Sillä on otettava huomioon , että Suomen vaivaishoitoasetuksen mukaan pakollista 	hoitoapua	 ei ole annettava jokaiselle , joka ei ilman sitä voisi tulla toimeen .
714	Lainsäätäjä on osoittanut 3 §:ssä selvästi , että löytyy tapauksia , jolloin apua moraalin kannalta olisi annettava , mutta hän ei ole tahtonut 	hoitopoliittisista	 syistä tehdä avun antamista kaikissa tapauksissa pakolliseksi . »
715	Toisin sanoen 	hoitoviranomaisen	 harkintavallan laajentaminen tavallaan edellytti valituksen oikeusperusteisuutta ja sitä että valitus ei voinut kohdistua päätöksen asiallisiin edellytyksiin vaan ainoastaan menettelyyn .
716	Esimerkiksi v. 1912-16 senaatin talousosastossa käsiteltiin siviilitoimituskunnan kautta tulleina 637 	hoitoa	 koskevaa valitusasiaa , ja nämä asiat olivat kunnallisverotusta koskevien asioiden jälkeen suurin asiaryhmä ( tosin niistä valtaosa lienee koskenut kotipaikkaa , siis kuntien välistä riitaa avustusvelvollisuudesta ) .
717	Hänen mukaansa henkilön tarve saada pakollista 	apua	 edellytti sitä , että vaivaishoitorasitusta ei siirretty mielivaltaisesti kunnasta toiseen .
718	Hänen mukaansa henkilön tarve saada pakollista vaivaisapua edellytti sitä , että 	hoitorasitusta	 ei siirretty mielivaltaisesti kunnasta toiseen .
719	V:n 1922 KöyhäinhoitoL:n osalta tekijä toteaa ( s. 174 ) : » Köyhäinhoitolaki salli - päinvastoin kuin vuoden 1 879 	hoitoasetus	 - muutoksenhaun köyhäinhoidon antamista koskevaan päätökseen . »
720	Tutkimuksen pääasiallinen substanssi muodostuu 	hoidon	 , köyhäinhoidon sekä niitä seuraavien huoltoapu- ja toimeentulotuki-instituutioiden analyysistä niitä koskevien säännösten valossa .
722	Köyhäinhoidon kausi on jaettu vielä talonpoikaisen yhteisön 	hoitoon	 ja taloudellisen liberalismin aikaan .
724		taloa	 ) attelu elää edelleen vanhainkodeissa
725	- 	taloajan	 ajattelua ja hoitoa ovat olosuhteet vanhuksia hoitavissa laitoksissa : viimeinen koti . elämän loppusuora jaetaan yhden tai useamman ventovieraan kanssa .
732	KIRURGIT RISTO HÄMÄLÄINEN kirurgian erikoislääkäri thorax- ja verisuonikirurgian erikoislääkäri NIILO HÄRKÖNEN kirurgian erikoislääkäri gastroenterologisen kirurgian erikoislääkäri Teemme - ruokatorven ja mahalaukun sekä paksusuolen ja peräsuolen tähystykset - peräpukamien ns. hirttohoidot - 	enluu-	 ja vasaravarvasleikkaukset - luomet , arpikorjaukset , rannekanava-ahtaumat - rintakasvainten poistot - muut pienet kirurgiset toimenpiteet VASTAANOTTOMME Maaherrankatu 19 B 15 Mikkeli Ajantilaus puh. ( 015 ) 212 111
753	Hänet toimitettin Suonsaaren 	taloon	 hoidettavaksi .
755	Linnut koristelevat ihmisen , polkupyörän ja 	pojan	 maiseman .
771	Toisessa jalassani on alkava 	enluu	 .
772	Väljät kengät 	enluille	
773	Monesti limapaussikin ärsyyntyy 	enluun	 seurauksena .
774		enluu	 tarkoittaa ukkovapaan tyvinivelen seudun esiin työntymistä eli virheasentoa .
779	Jo Virroilla apupappina työskennellessään viime vuosisadan loppupuolella hän nousi valtakunnalliseksi vaikuttajaksi tekemällä kirjan diakoniasta eli seurakunnallisesta 	hoidosta	 .
783	Muita luonnonvaraisia koivulajejamme ovat hius- ja 	koivu	 .
784	Muita luonnonvaraisia koivulajejamme ovat hies- ja 	koivu	 .
793		apua	 annettiin puutteessa olevilla .
797	Ja ketäpä ei jet lag 	i	 .
798	Osa 1 / 6. Lapsuuden 	talosta	 Assin Linnaan .
809	Joka tapauksessa rouvan tarkasti lääkäri ja 	talossa	 hän nauttii nyt kuntalaisten hellää hoitoa .
813	Sunnuntai TV 1 klo 11.00. ★★★ 	ukon	 morsian ( 1944 ) .
815	3620 12.00 	ukon	 morsian .
816	Ansa Ikonen syöksyy ahdistuksen pohjalle Toivo Särkän ohjaamassa pohjalaistragediassa 	ukon	 morsian ( 1944 ) .
817	11.30 Vipeltäjät - asiaa lemmikeistä 3620 12.00 	ukon	 morsian 8927656 Kotimainen elokuva vuodelta 1944 .
818	tähystykset - 	enluu-	 ja vasaravarvasleikkaukset - luomet , arpikorjaukset , rannekanava-ahtaumat - muut pienet kirurgiset toimenpiteet
825	Enimmillään vanhainkodissa on ollut asukkaita yli kaksi sataa 1900-luvun alussa 	kotiaikoihin	 .
826	Vanhainkodin johtaja , sosiaalisihteeri Anna-Liisa Miettinen arvioi , että köyhien , sairaiden , vanhusten ja vammaisten 	talona	 aikanaan aloittanut vanhainkoti tulee tulevaisuudessa olemaan yhä enemmän dementoituneiden ja erittäin huonokuntoisten vanhusten hoitopaikka , josta myydään palveluja myös ulospäin .
835	Tulisi muistaa , että 	hoitolainenkin	 on myöskin ihminen , jota ei sovi moisella tavalla kohdella .
836		hoito-	 fi||AH| laisen talos- SUWIHI taan naapuri- 1889 _ 1892 taloon , jossa ja ■c c r • hän meni uu- Ä II IC 1 1. nille .
848	Keskiviikkona 17.12.1997 klo 10 , koskien toimitukset tiloja 	lampi	 13:5 Harjumaan kylässä , Heikkala 4:23 Kirkonkylän kylässä , Perä-Jokela 18:37 Vanhamäen kylässä ja Leinakanrinne 6:91 Vehmaskylän kylässä .
854	- ruokatorven , paksusuolen ja mahalaukun tähystykset - 	enluu-	 ja vasaravarvasleikkaukset - luomet , arpikorjaukset , rannekanava-ahtaumat - muut pienet kirurgiset toimenpiteet
862	Heitä ei huolittu töihin eikä 	iksi	 ; he eivät saaneet asua yhteisön piirissä .
889	Kooltaan nisäkkäät vaihtelevat yli 30 metrin sinivalaasta pikkuruiseen 	päästäiseen	 .
909	Psykogeriatri Pirkko Hiltunen sai aikaan moiteryöpyn kun hän kaksi vuotta sitten julisti lääkäripäivillä , että Suomessa hoidetaan vanhukset edelleen 	talojen	 tapaan .
924	dettu 	enluu	 johtuu .
925		enluu	 eli hallus vai-
926		enluu	 johtuu usein kapeista kengänkärjistä
927		enluun	 limapussi ärsyyntyy ja paksunee monesti aiheuttaen lisäpullotusta ykkösvarpaan tyvinivelen seudussa .
928	Mainitsin vielä lukeneeni artikkelin , missä kerrottiin , että lievemmissä muodoissa 	enluuta	 voidaan korjata joko vedon avulla tai tutkituttamalla kävelytapa , mutta jälleen viitattiin rakennevikaan .
962	Entäpä jäkälät , sammalet , 	koivut	 , matalakasvuinen metsä , vaarojen sininen avaruus ?
972	KIRURGI RISTO HÄMÄLÄINEN kirurgian erikoislääkäri rintaelin- ja verisuonikirurgian erikoislääkäri ruokatorven , paksusuolen ja mahalauku tähystykset 	enluu-	 ja vasaravarvasleikkaukset luomet , arpikorjaukset , rannekanava-ahtaumat muut pienet kirurgiset toimenpiteet VASTAANOTTO : Maaherrankatu 19 B 15 Mikkeli Ajantilaus puh. 212 111
982	Pankarannan vanhainkodissa oli asukkaita tuolloin 44 , ja tilanne oli sikäli hyvä , että tilat oli uusittu ja talo oli karistanut jo vanhat 	taloajattelun	 rippeet ja keskittynyt vanhusten hoitoon .
983	Isäntien apuna oli alaikäisiä poikia ja täysi-ikäisistä sukulaisista sellaisia , jotka korkean ikänsä tai 	uutensa	 vuoksi eivät kelvanneet armeijan leipiin .
984	Keskisääty kärsi jo siitäkin , että kadut vilisivät vieraita ja usein epäilyttäviä ihmisiä - sääliä herättäviä 	huoneiden	 hoidokkeja , kerjäläisiä ja rikollisia - ja että uudessa kulkuneuvossa , hevosten vetämissä busseissa , piti istua rahvaanmiesten tai -naisten vieressä .
991	KIRURGI RISTO HÄMÄLÄINEN kirurgian erikoislääkäri rintaelin- ja verisuonikirurgian erikoislääkäri - ruokatorven , paksusuolen ja mahalaukun tähystykset - 	enluu-	 ja vasaravarvasleikkaukset - luomet , arpikorjaukset , rannekanava-ahtaumat - muut pienet kirurgiset toimenpiteet Vastaanotto : Maaherrankatu 19 B 15 Mikkeli Ajantilaus puh. 212 111
994	Esimerkiksi 	enluun	 poistosta voi Kelalta saada korvausta 600-1 000 markkaa .
995	Esimerkiksi Oulun diakonissalaitoksella pääsee eroon 	enluustaan	 4 400 markalla , mutta Helsingin diakonissalaitoksella samasta toimenpiteestä joutuu maksamaan 6 500-8 500 markkaa .
999	Turhan monen varsan kausi loppui kesken 	uuteen	 .
1012	Me sodat kokeneet veteraanit olimme onnistuneet saamaan muun muassa kuntoutustamme varten määrärahan valtion talousarvioon erityisryhmänä , koska perusteemme poikkeavat yleisestä 	hoidosta	 .
1016	5 ) Missä näkee 	ukkoja	 ?
1032	Intia Suomessa ja 	ukot	 heitteillä .
1033	Luontaisesti saarella kasvaa katajia ja 	koivuja	 .
1034	Metsiköissä kasvaa enimmäkseen leppää , kallioilla katajaa ja ulkoluodoilla 	koivuja	 .
1048	Tenolta tuodut 	koivut	 puolestaan kärsivät etelän
1049	Paikalla kasvaa tietysti monenlaisia 	koivuja	 ja tunturikoivuja -ja myös pohjoisamerikkalaisia lajeja .
1052	13.45 Seesamtie 14.10 Perhekoira 14.35 Fievel vvillissä lännessä 15.00 Nuorta elämää : Nuoret ja vanhat 15.25 	ukon	 morsian 17.15 Kuninkuusravit 18.00 Tv-uutiset 18.10 EM-uinnit 19.05 Kylmä sota 19.50 Valkea ruusu 20.35 Steven Spielbergin hämmästyttävät tarinat 21.00 Oikeuden nimessä 21.50 Sukumme on toista maata 23.40 Tuoksun taikaa 00.30-01.20 Paul McKennan hypnoosishow
1054	Toivo Särkän ohjaama 	ukon	 morsian ( 1944 ) on parempi valokuvina kuin kokonaisena elokuvana .
1055	15.25 	ukon	 morsian 7015764 ( Suomi , 1944 , 107' ) .
1064	KIRURGI RISTO HÄMÄLÄINEN kirurgian erikoislääkäri rintaelin- ja verisuonikirurgian erikoislääkäri - ruokatorven , paksusuolen ja mahalaukun tähystykset - suonikohjuleikkaukset - 	enluu-	 ja vasaravarvasleikkaukset - luomet , arpikorjaukset , rannekanava-ahtaumat - muut pienet kirurgiset toimenpiteet Vastaanotto : Maaherrankatu 19 B 15 Mikkeli Ajantilaus puh. 212 111
1094	Ei ole mieltä lähteä hakemaan kovin kaukaa apua esimerkiksi suonikohjuihin , peräpukamiin tai 	enluihin	 .
1117	KIRURGI . RISTO HÄMÄLÄINEN kirurgian erikoislääkäri rintaelin- ja verisuonikirurgian erikoislääkäri - ruokatorven , paksusuolen ja mahalaukun tähystykset - suonikohjuleikkaukset - 	enluu-	 ja vasaravarvasleikkaukset - luomet , arpikorjaukset , rannekanava-ahtaumat - muut pienet kirurgiset toimenpiteet Vastaanotto : Maaherrankatu 19 B 15 Mikkeli Ajantilaus puh. 212 111
1121	Hän karkasi 	talosta	 ja etsi itselleen asunnon Otavasta .
1124	KIRURGI RISTO HÄMÄLÄINEN kirurgian erikoislääkäri rintaelin- ja verisuonikirurgian erikoislääkäri - ruokatorven , paksusuolen ja mahalaukun tähystykset - suonikohjuleikkaukset - 	enluu-	 ja vasaravarvasleikkaukset - luomet , arpikorjaukset , rannekanava-ahtaumat - muut pienet kirurgiset toimenpiteet Vastaanotto : Maaherrankatu 19 B 15 Mikkeli Ajantilaus puh. 212 111
1126	Valkoturkkinen jänis on kehittynyt todelliseksi hengissäpysymisen mestariksi pajukkoisissa laaksoissa tai tunturi- ja 	koivun	 suojaisilla kasvupaikoilla sitä voi olla laumoina .
1127	KIRURGI RISTO HÄMÄLÄINEN kirurgian erikoislääkäri rintaelin- ja verisuonikirurgian erikoislääkäri - ruokatorven , paksusuolen ja mahalaukun tähystykset - suonikohjuleikkaukset - 	enluu-	 ja vasaravarvasleikkaukset - luomet , arpikorjaukset , rannekanava-ahtaumat - muut pienet kirurgiset toimenpiteet Vastaanotto : Maaherrankatu 19 B 15 Mikkeli Ajantilaus puh. 212 111 KÄRSITKÖ TRAUMAPERÄISESTÄ STRESSIREAKTIOSTA ? Trauman jälkeinen stressireaktio kehittyy poikkeuksellisen uhkaavan tai tuhoisan tapahtuman jälkeen , joka on kohdannut joko itseä tai läheistä ihmistä ( esim . väkivallan uhriksi joutuminen , raiskaus , tulipalo , kuolemanvaara ) .
1156	Eteisestä he sieppaavat kirveen ja häipyvät yöhön ryöstämään pitäjän 	ukon	 .
1157		ukon	 ryöstö puhuttaa hovimäkeläisiä Turun palokaan eikä jätä vielä rauhaan .
1158		ukon	 ryöstö puhuttaa hovimäkeläisiä Turun palokaan eikä jätä vielä rauhaan .
1159	Suomessa ja sukukielissä köyhä voi merkitä monenlaista puutetta ja alhaista mieltä : heikkoutta , 	uutta	 , niukkuutta , kehnoutta , yleisesti huonoutta .
1165	Tässä 	talossamme	 on automaattinen palohälytysjäijestelmä .
1174	En ole ollut sellaisella paikalla , että 	ivat	 .
1188	Sosiaalinen paine panee liberaalin miljonäärin säätiöimään rahansa hyväntekeväisyyteen ja luterilaisen kansalaisen karttamaan 	apua	 .
1198	KIRURGI RISTO HÄMÄLÄINEN kirurgian erikoislääkäri rintaelin- ja verisuonikirurgian erikoislääkäri - ruokatorven , paksusuolen ja mahalaukun tähystykset - suonikohjuleikkaukset - 	enluu-	 ja vasaravarvasleikkaukset - luomet , arpikorjaukset , rannekanava-ahtaumat - muut pienet kirurgiset toimenpiteet Vastaanotto : Maaherrankatu 19 B 15 Mikkeli Ajantilaus puh. 212 111
1223	Kangasniemellä syrjäisellä kylällä asuu mummo , joka on ilmoittanut selkeästi , että häntä ei 	kotiin	 viedä .
1230		ukkojen	 maa
1231	Suomessa on 108 puista 	ukkoa	 .
1232	Suurin osa 	ukoista	 on Pohjanmaalla .
1233	Lyönnin jälki näkyy yhä 	ukon	 päässä .
1234	Puusta veistetyt 	ukot	 ovat vaihtelevassa kunnossa .
1235	Soinilainen 	akka	 vuodelta 1854 .
1236		ukkojen	 syntyhistoria liittyy uskonpuhdistuksen vaiheisiin .
1237	Vanhimmat 	ukot	 ovat yli 300-vuotiaita
1238	Santaholman mukaan 	ukot	 ovat hyvin vaihtelevassa kunnossa .
1239	Näyttelyn nuorimmalla 	ukolla	 on ikää vain reilu vuosi .
1240		ukkonäyttely	 on avoinna Seinäjoella maaliskuun loppuun saakka .
1241	Suomen lisäksi 	ukkoja	 on ollut Pohjois-Saksassa ja Ruotsissa .
1242		ukkoihin	 voi tutustua Etelä-Pohjanmaan museon näyttelyssä Seinäjoella .
1243	Kaikki 	ukot	 suinkaan eivät ole säälittävän ja vaivaisen näköisiä .
1245	Ilmari Saarikoski antaa lantin Nurmon kirkon 	ukolle	 .
1246	Näyttelyn yhtenä tarkoituksena on saada ihmiset huomaamaan 	ukkojen	 arvo .
1247	Tätä nykyä 	ukkojen	 rahat käytetään kirkon diakoniatyöhön ja ulkomaanapuun .
1248	Museon Kivinavettaan on tuotu näytteille 34 	ukkoa	 eri puolilta maata .
1249		ukkoja	 veistivät niin pitäjän omat puusepät kuin talolli-
1250	Katolisen kirkon aikaan rahaa kerättiin arkkuun tai niin sanottuun 	tukkiin	 .
1251		ukkojen	 avulla kerättiin aikoinaan kirkossa kävijöiltä rahaa köyhille ja vaivaisille .
1253	Hän tuntee virkansa puolesta hyvin 	ukot	 ja niiden historian .
1254	Suomessa on jäljellä 108 kirkon 	ukkoa	 , joista vanhimmat ovat hieman yli 300-vuotiaita .
1255	Näyttelyn vanhimmat 	ukot	 ovat Raahesta ja Hauholta , ne on tehty 1600- ja 1700- lukujen taitteessa .
1256	Itärajan tuntumassa sen sijaan liikkui monenlaisia rosvojoukkoja , rahoja eikä ollut viisasta säilyttää 	ukoissa	 .
1257	Esimerkiksi Pöytyän 	ukko	 raastettiin kolme vuotta sitten ulos seurakuntakodista ja heitettiin metsään .
1258	Myös evijärveläinen Erkki Lahti oli maineikas veistäjä , joka teki kirkkoihin 	ukkoja	 ja enkeleitä .
1259	Kuuluisin 	ukkojen	 tekijä lienee kuortanelainen Heikki Mikkilä , joka veisti kirkkoihin kymmenkunta vaivaisukkoa I8 ( ) 0-Iuvun alkupuoliskolla .
1260	Kuuluisin vaivaisukkojen tekijä lienee kuortanelainen Heikki Mikkilä , joka veisti kirkkoihin kymmenkunta 	ukkoa	 I8 ( ) 0-Iuvun alkupuoliskolla .
