9	Muina paljon työtä ja kärsivällisyyttä vaatineina lähderyhminä ovat olleet 	vaivais-	 _ja_ työhuonekassojen tilit , joista ilmenevät silloisen huviveron vastineen suorittajat , sekä passiasiakirjat , joiden avulla voi seurata tanssinopettajien ja sirkusseurueitten ja -artistien liikkumista Suomessa .
22	Selvä asia aivan on että hengellisiä 	vaivaisia	 , muserrettuja ja kuoleman kanssa _taistelevia_ ei voi lohduttaa ihanneihmisen muisto , vaikka se pantaisiin paistamaan heidän eteensä taivaan kaaren kaikilla väreillä .
60	Kirkolle ovat uhranneet Omsiirtokunnan suomalaiset tänä vuonna noin 140:tä ruplaa ja sitä paitsi ruokkineet useampia 	vaivaisia	 ja antaneet heille _polttopuita_ .
71	Inhimillinen toiminta on täydellisen olennon toimintaan verraten 	vaivaista	 _jäljittelyä_ ja täydellisyyden toivotonta tavoittelua — juuri siitä nimenomaisesta syystä , että inhimillinen toiminta on sidottu konkreettisiin ja partikulaareihin konteksteihinsa .
73	Nivusta potevaa Hannu Virtaa ja 	selkävaivaista	 _Jukka Marttilaa_ olisi kaivattu , kun vastustajalla oli asettaa neljä täyttä kenttää .
80	Tapio Levon johtama ykköskenttä , josta puuttui 	selkävaivainen	 _Juha Jyrkkiö_ , voitti osuutensa 3 — 2. Arto Javanainen teki kaksi ja Kari Makkonen yhden osuman .
91	Suomen kaksikko Jari Ahlbom ja 	lonkkavaivainen	 _Erkki Aakko_ jäivät summuntaina Raatin jäälle torjumaan haastajien hyökkäykset kolmannesta MM-jatkopaikasta .
92	KaPan 	jalkavaivainen	 tehopelaaja _Ahti_ Haikarainen ruskailikin , että aina nämä ottelut menevät tappeluksi .
93	Toisella erikoiskokeella Sainz teki pohja-ajan ja palasi 8 sekunnin turvin kilpailun johtoon , mutta Delecour runnoi pohja-ajan kolmannella erikoiskokeella ja supisti Sainzin johdon 	vaivaiseen	 vuteen _sekuntiin_ .
94	Laskiessasi kuusikkopainanteeseen sinua odottaa vahva hiljaisuus , jonka pintaa kutittelee vain tiaisen 	vaivainen	 _kitinä_ .
95	Jaromir Sindel oli 	vaivainen	 , mutta nuori _Pekka Ilmivalta_ oli ensimmäisessä kokonaisessa liigaottelussaan tshekille täysipainoinen korvaaja .
98	sulkapallokenttiä Miksei oltaisi voitu laittaa johonkin sellaiseen paikkaan , missä olisi tilaa , kuin pilata 	vaivaiset	 _tenniskentät_ , tai rakentaa vaikka uusi sulkapallohalli .
100	TPS:n puolustuksesta puuttui 	selkävaivainen	 _Mikko Haapakoski_ , mutta juniori Markku Kiprusoff tävtti hvvin hänen paikkansa .
115	Sveitsin-leirivahvuudesta on pudotettu joukkueesta 	vatsavaivainen	 _Timo Blomqvist_ ( puolustaja ) , Pasi Huura ( p ) , Janne Laukkanen ( p ) , Vesa Viitakoski ( hyökkääjä ) ia Raimo Helminen
117	Ottelu alkoi suomalaisittain lupaavasti , kun 	nivusvaivaisen	 _Kimmo Tarkkion_ toisena kärkimiehenä korvannut Pasi Tauriainen hankki Suomelle jo 2. minuutilla kulmapotkun oikealta .
119	Matikaisella ei ole paljon murheita loukkaantumisista , sillä 	nivusvaivainen	 joukkueen kapteeni _Hannu_ Virtakin kykenee pelaamaan .
122	Kotijoukkueelta puuttui keskikentältä 	polvivaivainen	 _Mika Aaltonen_ .
125	Pilkulta epäonnisen Czakonin lisäksi Ilveksestä erottuivat oikean sivustan miehet , Janne Mäkelä ja Jari Aaltonen , Kotijoukkueesta puolestaan onnistui Polackin ja Tolvasen ohella nuori Ari Karppanen , joka pelasi 	jalkavaivaisen	 _Anders Erikssonin_ paikalla .
127	Mikkelin Ampujien kuluneen viikon piirikunnallisissa vastasi parhaasta tuloksesta Markku Puhakainen aloittaessaan kauden hyvällä tuloksella 593 pistettä pienoiskiväärin makuukilpailussa , mukavasti ampui mvös tänä vuonna aikamiesten kirjoihin siirtynyt Pentti Uimi , 586 p. Vapaapistoolilla pisti Mäntyharjun Antti Pesonen kovasti kampoihin Jorma Asbackalle häviten vain 	vaivaisen	 _pisteen_ , 542 ja 541. Urheilupistoolilla Juvan Väinö Laukkanen kävi taas näyttämässä mallia nuoremmilleen ottamalla ylivoimaisen voiton 572 pisteellä .
134		Olkavaivainen	 _Jani Lehtonen_ oli Lempäälässä todistamassa ennätyksensä rikkoutumista , sillä hän sijoittui kilpailussa toiseksi tuloksella 520. Asko Peltoniemi , 28 , on valmistautunut kuluvaan kilpailukauteen pelkästään kotimaassa .
139	NTHI:n joukkueesta puuttui 	polvivaivainen	 _Havard Tveite_ , joka kahdella edellisellä kerralla on ratkaissut voiton loppukirissä .
141	Jaro joutui kentälle ilman 	jalkavaivaisia	 _Timo Kivilompoloa_ ja Krysztof Gawaraa .
142	Kuusysi pelasi ilman 	jalkavaivaista	 liberoaan _Hannu Jänttiä_ , mutta Jarmo Saastaoisen johtama puolustus hoiteli yllättävän helposti vieraiden harvat lähentelyt .
146	- Kerran olen käynyt siellä ja silloin syntyi tuo 	vaivainen	 _tulos_ .
147	Pahiten petti joukkueen kakkospuoli , josta 	käsivaivainen	 _Pasi Pirinen_ puuttui .
160	Saksan valmentaja myöskään ei suostunut paljastamaan , onko joukkueen 	jalkavaivainen	 _lyöjätykki_ lauantaina Saksan aloituskuusikossa vai ei .
162		Jalkavaivaiset	 _Juha Koskela_ ja Pekka Nikulainen olivat saaneet antaa tilaa Petteri Kähärille ja Mika Kuismalle .
164	Ilman 	reisivaivaista	 kapellimestariaan _Jarmo Alatensiötä_ pelannut PPT jaksoi hangoitella kohtuullisen tasapäisesti Klubia vastaan puolisen tuntia , mutta Ismo Liuksen röyhkeä läpiajo ja varma sijoitus Tommi Koivistoisen selän taakse 27. minuutilla katkaisi porilaisten selkärangan .
167	Sarjan kärjessä jatkaa edelleen kahden pisteen erolla Panttereihin Helsingin NMKY , joka venyi vieraskentällä niukkaan 76- 75 voittoon Hongikosta , vaikka sen riveistä puuttuivat 	jalkavaivaiset	 _Herbert Crook_ ja Petri Niiranen .
178	Jokeriluotsi Boris Majorov joutui vetämään toiseen erään 	jalkavaivaisen	 _Janeckyn_ kaukaloon Mika Välilän tilalle .
180		selkävaivaisen	 Ari Heikkisen tilalla .
201	Espoon riemukkaan voiton takana oli ennen kaikkea Hiili , joka on torjunut 	umpisuolivaivaisen	 ykkösveräjänvartijan _Sami Aikään_ tilalla erinomaisesti .
204	Meillä on peruskouluikäisiä 	selkävaivaisia	 _ia_ osteoporoosiongelma kaatuu terveyskeskusten päälle .
210	Jaron takalinjoilta olivat poissa pelikiellossa ollut Kari Korkea-Aho ja 	jalkavaivainen	 _Krzysztof Gawara_ .
227	Kesällä , kun kaiken maailman ötököitä ja olioita on joka paikassa , yhteen 	vaivaiseen	 punkin _pistoon_ välttämättä ei suhtaudu kaikella asian vaatimalla vakavuudella .
228	Ei ulotu 	vaivaisen	 _vammaisen_ avunhuuto korskeiden ministerien korviin .
242	Tiedän , että Mikkelin kaupungin asianomaisilla perään katsojilla on nykyään suurempiakin murheita kuin 	vaivaisen	 _mattopesulan_ reistailevat koneet .
244	Ensimmäiset kaksi pussillista leluja sekä käsintehty puuauto ja puulaiva vaihtoivat omistajaa 	vaivaisella	 _kympillä_ .
252	Milloin 	selkävaivainen	 _Wayne Gretzky_ pelaa tuhannennen runkosaijapelinsä ; nyt niitä on koossa 999. Onko Eric Lindros todella se ihmemies , joka nostaa Philadelphia Flyersin lentoon ?
255	Hänen mukaansa siinä on kolme osatekijää : liikunta jo varhain emän mukana , ruokinta ja raitis ulkoilma . _ Yleensä vanhojen ja 	vaivaisten	 _tammojen_ varsat niin hyviä kuin nuorten ja terveiden , koska niiden emät eivät paljoa eivät liiku , eivätkä siis varsatkaan elämänsä tärkeinä ensikuukausina , selitti Airaksinen .
257	Edmonton oli ehtinyt kerätä yhden 	vaivaisen	 _pisteen_ neljässä ottelussa .
259	- Soita nyt sättimisen sijasta se yksi 62 centiimin puhelu , patistaa Jacqueline miestään , kun tämä on ilmaissut ärhäkän mielipiteensä sähkölaskun 	vaivaisista	 _centiimeistä_ .
261	Muista ei näytä olevan esimerkiksi 	jalkavaivaisen	 _Jari_
262	Paterin luotsi Reino Kosonen piti kentällä 	nilkkavaivaista	 _Jevgeni_ Shumovia kolme erää , vaikka vamma haittasi miehen verkkopeliä tuntuvasti .
266	Kovan tason miehistä olivat poissa Forssin tapaan kuumeinen Marko Nieminen , 	sormivaivainen	 _Kihlström_ sekä Jukka Heikkinen .
267	Los Angeles osaa pelata ja voittaa ilman 	selkävaivaista	 _Wayne Gretzkyäkin_ .
276	Toinen 	selkävaivainen	 _Mika Myllylä_ hiihti kuin rautakanki ja keskeytti 10 kilometrin kohdalla .
278		Selkävaivainen	 _Kirvesniemi_ jäi kärjestä yli kaksi minuuttia ja sijoittui seitsemänneksi .
282	Pateri olisi tarvinnut ehdottomasti 	jalkavaivaista	 _Markus_ Rautiota .
288	Keksijän tie on ollut ruumiillisestikin tuskainen Joutsassa , jossa 	selkävaivainen	 liikunnan lehtori _Esko Immonen_ on suunnitellut useita vuosia ja kehitellyt itselleen omatoimista selänhoitolaitetta .
290	Joukkue lahti otteluun ilman 	jalkavaivaista	 Mikko Mäkelää .
291	Seuraavassa ottelussa nyt poissa olleista Jiri Dolezal saattaa pelata , 	niskavaivainen	 _Ari_ Haanpää ei .
293	Vaikka sairaalatyö edelleenkin kuulostaa kutsumuksen kultaamalta ja on unohtuva häikäisevien hoito-oppien koristamaa , näyttää näissä sfääreissä edelleenkin 	vaivainen	 valittava _vanhus_ ja kumisaappaat yrjössä rientävä sisar hento .
297		Nilkkavaivainen	 _Anthony_ seurasi ottelua katsomosta , mutta ryntäsi kentälle ojentamaan Phoenixin Kevin Johnsonia .
298	- Tämän 	vaivaisen	 _Mikkelin-vierailun_ järjestäminen on vienyt minulta kaksi kertaa enemmän aikaa , vaivaa ja puhelinkuluja kuin Metropolitanin vierailu .
300	Pronssikaan ei jäänyt kuin 	vaivaisen	 _sekunnin_ taakse .
301	Ranskan veräjällä toijui Michel Valliere , sillä lievästi 	kylkivaivaista	 _Petri Ylöstä_ ei haluttu asettaa lisäloukkaantumiselle alttiiksi .
305	Joukkue pelasi ilman Super Mariota , 	selkävaivaista	 tähtipelaajaansa _Mario Lemieuxia_ .
311	Kuusysillä puuttui myös 	jalkavaivainen	 _Ismo Lius_ .
312		Jalkavaivaisen	 _Mauri_ Keskitalon tilalle puoliajan jälkeen kärjeksi tullut maalintekijä ei erehtynyt .
313	Projektin ensisijaisena tavoitteena oli tutkia kuinka erilaiset selkäkoulutyypit vaikuttavat 	alaselkävaivaisten	 _työntekijöiden_ työkykyyn seuraamalla sairauslomia ja selkävaivojen potilaille aiheuttamia vaivoja jokapäiväisessä elämässä .
315		Reisivaivainen	 _Gullit_ ei ole pelannut pariin viikkoon .
318	Varoitettuani kaupungissa kerjäämisestä , pyrskähti vaimoparka itkuun , osoittaen 	vaivaista	 _kuolonkalpeata_ pienokaistaan joka lepäsi noin 10 vuotiaan tytön sylissä , nojaten raukeasti päätänsä siskon olkaa vasten .
319	Sen sijaan SiiPen 	jalkavaivainen	 lyöjäjokeri _Ari_ Väistö paukutti kuusi juoksua ja pelasti pelin jännityksen ensimmäisen vuoroparin tasoittavalla ajolähdöstä lyöden I + 3 juoksua .
320	Hatsinan tehoa laski 	selkävaivaisen	 _Ritva Valjakan_ joutuminen vaihtoon heti ottelun alussa .
321	Naisten kävelyn lisäksi Lapinlahdella odotett iin ennätyslukemia miesten 5 O 00 metrin kävelyssä , mutta ip 	olvivaivainen	 _Valentin Kononej_ . i joutui jäämään pois lääkäri n määräyksestä .
330	Porin finaalista oli poissa kokonaan joukkueen viimeisin hankinta , 	selkävaivainen	 _Aleksandr Gredjusko_ mutta kaksi muuta Idän apua , Anton Shoh ja Vasili Karatajev pelasivat ja pelannevat myös tänään .
342	Juva putosi kakkospaikalta kuudenneksi , Anttolan Taito Väisänen nosti joukkueensa kahdeksanneksi , mutta eroa kärkeen 	jalkavaivainen	 _Väisänen_ joutui antamaan muutaman minuutin lisää .
343	mukaansa ulkomaalaisen miehen , joka myöhemmin pahoinpidellään tai murhataan jonkun 	vaivaisen	 _satalappusen_ takia .
346		Polvivaivainen	 _Stuttgartin_ MM-kisojen hopeamitalisti Valentin Kononen ei osallistunut kilpailuun .
349	Myös toiseksi tullut Heijareiden Rainer Wiklund onnistui hyvin - Raikka vetäisi 1060 voittaen MiKen Kyösti Luostarista 	vaivaisella	 _keilalla_ .
358	- Tämänvuotisesta ryhmästä jatkavat kaikki muut paitsi 	selkävaivainen	 _Susanna Heikkilä_ .
359	Lopputulos oli 102-89. Helsingissä Pantterit kohensi korieroaan 	vaivaisen	 _HNMKY:n_ kustannuksella 116-84 , FoKoPo hävisi kärkiottelussa Kotkalle 88-94 , Uusikaupunki kukisti länsirannikon
363	Teoreettinen fysiikka on puristanut laskelmissaan maailmankaikkeuden alkuvaiheessaan hyvin pieneen tilaan , sillä koko kaikkeuden halkaisija näyttäisi silloin olleen vain 	vaivaisen	 _sentin_ tai sitäkin vähemmän .
367		Vaivaisesta	 _Gretzkystä_ ei ollut vastustajaksi runkosarjassa , mutta pudotuspeleissä hän oli jo ykkönen .
369	Puolitoista vuotta sitten Euroopan mestaruutta juhlinut Tanska jäi ulos MM-kilpailusta yhden 	vaivaisen	 _maalin_ takia .
373	Myös sairas tai vanhuuttaan 	vaivainen	 ja nälkäinen _karhu_ voi olla uskalias , kuten taannoin kävi Kuusamossa , kun karhu repi hirvenlihat julkisen sanan lamppujen loisteessa .
374	Kotka lannisti Uudenkaupungin ilman 	selkävaivaisen	 _Darrin_ Fovvlkesin apua .
375	Ahtisaarta harmitti se , että nuoriin oli iskostunut käsitys 	vaivaisesta	 _Suomesta_ .
376	Hallituksen lupaama ruiske sen sijaan tuntuisi kokonaistuotannossa 	vaivaisen	 _prosentin_ verran .
386	Kaikki muut paitsi 	jalkavaivainen	 _Janne Ahonen_ sijoittuivat 20 : n parhaan joukkoon .
390	Myös 	jalkavaivainen	 passari _Harri Vänni_ teki tilaa nuorelle Kari Rissaselle , joka pelasi kaksi ja puoli erää mallikkaasti .
402	Yhden ottelun Heijarit hävisi 	vaivaisella	 _keilalla_ .
403	Jani Soininen hyppäsi taas hyvin ja jäi mitalista vain 	vaivaisen	 _metrin_ .
405		Selkävaivainen	 _Susanna Vanhanen_ sen sijaan joutui tunnustamaan TSK:n Piia Karosen 0-3 paremmakseen .
409		Selkävaivainen	 ykköspassari _Pentti_ Siika-aho oli ottelusta sivussa ja häntä tuurasi nuori Aki Riihimäki .
410	Pateri pelasi ottelun ilman 	jalkavaivaista	 _Olli Nenosta_ .
425	Meillä oli tänään 	vaivainen	 _joukkue_ kentällä ja vastustaja oli innokkaampi irtopalloissa .
427	Manninen siirsi 	jalkavaivaisen	 _Petri Häkkisen_ tauolta huiliin , mutta Pasi Vironen paikkasi hänen tonttinsa tyylikkäästi .
428	Hän kokeili viikonloppuna harjoituksissa kahden kärkimiehen kuvioita , mutta 	vaivaisin	 _tuloksin_ .
429	Porin 	jalkavaivainen	 _Wahlman_ ei yltänyt tällä kertaa parhaaseensa .
454	Kysyin kerran 	selkävaivaiselta	 _tuttavaltani_ hänen vointiaan .
457	PiPy:n valmentaja Kari Turkka juoksutti kentälle aloituskuusikon . jossa 	jalkavaivaista	 _Tiina_ Talvia tuurasi joukkueen toinen virolaispelaaja Kadri Määttä .
460	Joutsan vaivaistalolta muuan 	vaivainen	 vanha _vaimo_ , joka tavallisesti vietti päivänsä talon tuvan uunin pankolla , katosi toissa viikolla .
462	PiPv:n valmentaja Kari Turkka piti 	jalkavaivaista	 tähtipelaajansa _Tiina_ Talvia lähes koko ottelun ajan vaihtopenkillä antaen peliaikaa toiselle virolaiselle Kadri Määtälle .
465	kentällä 	jalkavaivaisenakin	 , koska _Ollin_ korvaajaa ei penkiltä
466	- Joukkue on minua ja 	olkapäävaivaista	 _Jyrki_ Leppää lukuun ottamatta täydessä iskussa .
468	1984 mallin Kenttälääkintäopas maksaa vain vitosen , Viestimieskiija vuodelta 1976 maksaa kympin ja Mikkelissä 1979 painettu Ilmatoijuntamiehen opas 	vaivaisen	 _vitosen_ .
471		vaivaisenakin	 _Keel_ joutuikin hakemaan hyökkäysten päättäjiksi koke , . j neet Reijo Sorvojan ja Olli Nenosen , vaikka kuudes mies olisikin ollut varsinaisella namupaikalla pallon tappoa ajatellen .
485	Raimo Summanen ja Jere Lehtinen olivat saaneet keskelleen 	polvivaivaisen	 _Saku Koivun_ paikalle Harri Sillgrenin .
487	HIFK:n riveistä oli poissa 	nivusvaivainen	 _Darren Boyko_ ja Sami Kapasta kokeiltiin laitahyökkääjänä .
488	Tampereen SM-kisat väliin jättänyt 	polvivaivainen	 _Tuulikki Pyykkönenja_ varauksin Merja Lahtinen , joka sunnuntaina keskeytti 30 kilometrillä .
499		Selkävaivainen	 _Merja Lahtinen_ ei osallistunut .
500	Raikka kirjautti luokkansa ainoat parilukemat I ( ) 37. TEK-81:n Pauli Ripatti jäi tuosta rajasta 	vaivaisen	 _pinnan_ .
501		Selkävaivainen	 _Ismo Lius_ tosin Lahti-cupissa ei ole ollut parhaimmillaan , mutta kesällä hän yhdessä ja Ari Ari Tegelbergin kanssa muodostanee tehokkaan kolmion .
502	Yhteiskunnalta en ole saanut kuin 	vaivaiset	 _lapsilisät_ .
503	va A-ryhmän mestari Grönholm johti serkkuaan kuudennen pätkän jälkeen 	vaivaisella	 _sekunnilla_ .
510	Ensi keskiviikkona San Marinon käsittelyyn joutuvassa jalkapallomaajoukkueessa on tehty yksi muutos : 	nilkkavaivainen	 _Erik Holmgren_ ( FinnPa ) jää EM-karsintaottelusta pois . ja hänen tilalleen on nimetty saman seuran Janne Mäkelä .
515	Suomessa ymmärretään eläintarhojen merkitys opetuksessa , nähdään , eläimet siellä etteivät kärsi , tunnustetaan , että vanheneva , 	vaivainen	 ja häiriintynyt _eläin_ on lopetettava .
516		Selkävaivaisella	 _Petri Kuusisella_ tuskin enää mahdollisuuksia on .
517	Lindström ei ole varmistanut kuitenkaan vielä , päästääkö Winnipeg Jets 	polvivaivaisen	 Selänteen _MM-_ kisoihin .
522	Kirin pisteen pelasti 	jalkavaivainen	 jokerilyöjä _Jari Taipale_ , joka kotiutti toisen jakson avausvuorossa komealla peruslyönnillä Markus Linnan .
524	SavU:lta sivussa oli 	reisivaivainen	 kapteeni _Matti Valjakka_ .
526	Kolmesta edellisestä kotipelistään Kiri kalasti 	vaivaisen	 _pisteen_ .
527	Eroa lahtelaisten eduksi oli 	vaivainen	 _piste_ .
530	Hän korvaa 	akillesjännevaivaisen	 Kari _Ukkosen_ .
531	JuPa lähtee otteluun selkeänä ennakkosuosikkina , vaikka 	jalkavaivainen	 _Vesa Kalpio_ joutuneekin olemaan sivussa .
537	Bundyn perheen ja Marcyn ja Jeffersonin naapurisopu joutuu kovalle koetukselle 	vaivaisen	 _omenan_ takia .
538	Hieman 	vaivaiselta	 tuntunut suosikki _Sophie's Symphony_ laukkasi jo ennen auton irtoamista , eikä pystynyt nousemaan , vaikka kulki sitten lujaa .
539	Bundyn perheen ja Marcyn ja Jeffersonin naapurisopu joutuu kovalle koetukselle 	vaivaisen	 _omenan_ takia .
540	Näin Räty lunasti puolet lupauksestaan , jonka mukaan 	akillesjännevaivainen	 _tohmajärveläinen_ heittää Kalevan kisoissa vain kaksi heittoa .
548		Akillesvaivaisen	 _Seppo Rädyn_ keihäskaaret jäivät 79 metrin tuntumaan .
549	Päivi Tikkanen karsiutui viitosella 	jajalkavaivainen	 _Ville Hautala_ 3 000 metrin esteissä .
558	Vain työväen pankkimiesten ja yritysjohtajien epäonnistumiset näkyvät , vaikka niiden osuus koko surkeudessa on jonkun 	vaivaisen	 _prosenttiyksikön_ luokkaa .
559	Pieksämäki jäi ainoastaan 	vaivaisen	 _sekunnin_ voittajasta .
560		Selkävaivaisen	 _Ilkka Mäkelänkään_ pelaaminen ei ole varmaa .
564	Myös Paterin vastaanottopeli oli heikkoa 	polvivaivaisen	 _Olli Nenosen_ nostopelin epätarkkuuden johdosta .
566	Myös 	niskavaivaisen	 Sari _Korven_ puuttuminen heikensi tänään joukkueeni pelipanosta , tuumi Piinojen valmentaja Liisa Muikku .
571	Uutena pelaaja Passarit esittelee kotiyleisölle nuoren Helena Lambergin , joka tuuraa 	selkävaivaista	 _Riia_ Hasasta .
572	Samaan aikaan kun vientiteollisuudella menee loistavasti , joudutaan lapsiperheiltä nipistämään 	vaivaisia	 _saturaisia_ .
578	Mitähän itsenäisyysjuhlien iäkkäimmät ja 	vaivaisimmat	 _osanottajat_ muuten mahtoivat ajatella kuullessaan , että lento Atlantin yli oh muka uuvuttanut riuskassa työiässä olevan pääministerin kyvyttömäksi esiintymään julkisuudessa ?
591	Maassamme on käynnistynyt kuluvana syksynä kolmisen vuotta kestävä tutkimus , jolla pyritään selvittämään , mikä on oikea tapa seuloa ja hoitaa 	ylävatsavaivaisia	 _potilaita_ .
599		Kylkivaivaisen	 Kari _Takon_ tilalla pelannut Marko Suvelo pelasi kohtalaisesti .
614		Astmavaivainen	 Tom Enberg
616	Ilman 	jalkavaivaista	 _Jari Litmasta_ pelannut Ajax aloitti kuitenkin ottelun pelottavan kankeasti .
618	Sam kuitenkaan ei tee toivottua vaikutusta Isabelleen . jolle kirjailija Anton Maes edustaa suurempaa romantiikkaa kuin 	vaivainen	 _katukauppias_ .
619	Venäläinen pelasi 	polvivaivaisen	 _Joni Liuksen_ paikalla ykkösviisikon keskellä .
620	Viimeisenä 	vaivaisten	 _Mikojen_ jengiin liittyi Mika Myllylä , joka on omien sanojensa mukaan niin rapakunnossa , että hyvä kun sairaalaan ei joudu .
624	Rikkana rokassa oli vielä tarjous seurakunnalle kelepooko Teille raha eli mammona kun maaseurakunnan puolella olisi laskenut kirkon äyri selvästi ja kaupungin vastaava noussut 	vaivaisesta	 _I._ 2s:stä .
625		Nilkkavaivainen	 _Harri Nev_ alainen oli kokonaan sivussa .
627	Tiedän , että olen rinnallasi vain 	vaivainen	 mato _matkamies_ maan , mutta silti uskallan lähestyä sinua täynnä rohkeutta kuin taivaallinen sotajoukko .
629	Urakka siis ei ole helppo , yhä 	käsivaivainen	 _Lindström_ lausui .
636	Suomessa jotkut ovat epäilleet , että 	polvivaivainen	 _Tikkanen_ olisi riskisijoitus MM-ryhmässä .
637	Ujan uusi ennätys on 28,5. Tuomas oli ilmeisesti 	vaivainen	 nousuyritys _eikä kantanut_ mihinkään .
638	Klubi joutui otteluun ilman 	polvivaivaista	 _Ari Hjelmiä_ , joka oli loukkaantunut keskiviikon harjoituksissa .
639	Kari Hämäläinen ja menmestarit hävisivät ykkössi- Janne Partanen pitivät kalvitsajan Lappeenrannan Urheilu- laiset seuran johtopaikalla , eimiehille kuudella sekunnilla , vätkä Tuomo Loikkanen ja Hopeaan ja Ähtäriin ero oli Marko Pekurinen jääneet 	kärvaivainen	 _sekunti_ .
640	Toinen oli tuurannut etenijän oma moka . kuittasi 	jalkavaivaista	 _Harri Liikasta_ kolmoskopparina Wiberg oman suorituksensa .
641	Tahkosta 	polvivaivainen	 _Olli Hartikainen_ taisteli loppuun asti ja sai Lipon kurissa pitämisestä avainpalkinnon , kun vielä kotiuttikin kahdesti jälkijaksolla .
644	Erityisen hyvän arvosanan Uusi-Oukari antoi sekä 	jalkavaivaiselle	 lukkarille _Jyrki Lehdolle_ kuin myös sieppari Heikki Reunaselle .
645	Kotiutuskisan vei Kiri 2-1 Riku Lehdon panoksella , kun Tahkosta onnistui vain 	jalkavaivainen	 _Olli Hartikainen_ .
646	Ainakin 	nilkkavaivainen	 _Frank de Boer_ puuttuu puolustuksesta , ja todennäköisesti myös polvivaivaiset Peter Hoestra ja Patrick Kluivert seuraavat peliä vaihtopenkiltä .
647	Ainakin nilkkavaivainen Frank de Boer puuttuu puolustuksesta , ja todennäköisesti myös 	polvivaivaiset	 _Peter Hoestra_ ja Patrick Kluivert seuraavat peliä vaihtopenkiltä .
649		Vaivaisen	 viikon tähden
650	Porrassalmen Urheilijat-62 joutui kovaan pinteeseen eilen jalkapallon naisten SM-sarjaottelussa varsinkin ensimmäisellä jaksolla , mutta pystyi venymään maalittomaan tasapeliin 0-0. Kontulan Urheilijat oli sisuuntunut vajaa kuukausi sitten karsimastaan 1-5 tappiosta ja aikoi tosissaan kaataa PU-62:n. PU kuitenkin puolusti loistavasti maalivahti Sirpa Roivaksen sekä libero Sari Seppäsen johdolla ja 	vaivainen	 _kotijoukkue_ taisteli yhden sarjapisteen raviradan nurmella .
651	tolppaan laukonut Darren Anderton ja avopaikasta myöhästynyt 	maitohappovaivaisen	 kankea Paul Gascoigne .
652	Nyt mukana juoksevat Tampereen kuninkuusraveissa keskeyttäneet 	vaivaisen	 jäykkä _Pette_ ja pätkänopea mailin jaksa\ a toppari Poka-Vinkaus .
653	Mikko Vesalainen on jälleen mainio 	vaivaisena	 leski- _isänä_ .
659	Piti vaihtaa keihästä , kun ensimmäinen vaihtoehto ei lentänyt mihinkään , sanoi aavistuksen 	polvivaivainen	 _Kinnunen_ .
660	Ei ole kauankaan siitä , kun maaseutu oli kaskettua maata , 	vaivaisia	 porttien pätkimiä _tieuria_ . riukuaitaa , harmaita köyhiä töllejä , jos kohta komeita kartanoitakin .
663		Vaivainen	 Jan Zelezny
667	Paperikaupungin mies sai ajaa lähdön soolona , koska Street cupia johtava ja lajittelun ykköseksi ajanut Suonenjoen Risto Virtala ei saanut 	konevaivaista	 _Bemariaan_ rukattua kisakuntoon pudotuskisaa varten .
670	Boström ja Paronen olivat viimeisessä osakilpailussa lauantaina Villard de Länsissä kolmansia , kun taas 	jalkavaivainen	 _Karppinen_ joutui tyytymään sijaan 34. Naisten yhteispisteissä Sanna Nymalm nousi kahdeksanneksi : lauantaina hän oli kilpailun neljäs .
672	Sunnuntaina pidetyssä juhlassa saattoi todeta , kaikki eläkeläiset todellakaan etteivät ole kompurajalkoja 	vaivaisia	 , vaan _vireitä_ ja viriilejä ikäihmisiä , joilla elämänilo ja -halu on taatusti samaa tasoa kuin nuoremmillakin .
674	Paterin aloituskuusikosta olivat poissa juuri tyttövauvan isäksi tullut Jarkko Partanen sekä 	olkapäävaivainen	 _Janne Pulkkinen_ .
676	Ottelun ensimmäinen jakso oli suurimmalta osalta Kajastuksen 	vaivaista	 _hallintaa_ , mutta erän ainoan maalin teki SavU ja Silvo-
677	Fergusonin ongelmana on , pystyykö 	polvivaivainen	 keskuspuolustaja _Gary Pallister_ pelaamaan Torinossa .
678	Lisäksi tämä sopii hieman 	jalkavaivaiselle	 _hevoselle_ hyvin .
679	Tahko vaihtoi kolmanteen vuonxin lukkariksi Riku Rantasen 	jalkavaivaisen	 _Olli Hartikaisen_ tilalle .
680	Vinossa ravannut ja hieman 	vaivaiselta	 vaikuttanut _Louise Laukko_ sai samalla ajalla puolet siitä .
681	sessä kaarteessa johtopaikalta laukannutta Tapio Perttusen ajamaa , ehkä hieman 	vaivaista	 Call Metä .
684	Pelin kahdeksannella minuutilla romanialainen Viorel Moldovan osoitti , että hän on joukkueen 	jalkavaivaisen	 tähtipelaajan _Kubilay Turkyilmazin_ kelpo tuuraaja .
687	Avauskuusikon pelaajista 	reisivaivainen	 _Catharina Svenlin_ pystyi pelaamaan vain ensimmäisen erän , selkäänsä poteva Kati Heikkilä piipahti vain pieniä hetkiä pelikentällä ja moukari-iskijä Kadri Määtän pelitehosta selkävamma oli vienyt myös pois parhaan terän .
690	Sen pienen aamuhämärän hetken , jonka 	vatsavaivainen	 _ukkeli_ olisi antanut torkahtaa , väijyin häkkisängyn äärellä ja vahdin , että kai se nyt varmasti hengittää .
692	Arstila on huolissaan nuorten tyttöjen todella vaarallisesta laihduttamishysteriasta . langanlaihat tytöt sotkevat hormonitasapainonsa 	vaivaisen	 _kilon_ takia .
693		Nivusvaivaisen	 _Sakari Lindforsin_ sijaiset Lundell ja Nicklas Bäckström eivät voineet yksin pysäyttää Jokereiden ylivoimaa .
697	Lyhyt pysäköinti maksaa vain 	vaivaisen	 _markan_ , se ei ole paljon .
698	edes 	munuaisvaivainen	 lypsäjä _Guttorm_ . joka oli sentään Ei synnyttänyt Jaakolle kuusikiloisen pojan .
699		Jalkavaivainen	 _Jari Litmanen_ ei pelannut .
721	Tutkimus * on pitkittäisleikkauksen omainen analyysi suomalaisen 	vaivais-	 _ja_ köyhäinhoidon sekä sittemmin viimesijaisen toimeentuloturvan kehityksestä oikeudellistumisen käsitteen näkökulmasta .
723	Muutoin kaikki narripaitojen yritykset kilpistyivät 	nivusvaivaista	 _Sakari Lindforsia_ tuuranneeseen loistovireiseen Jan Lundelliin .
726	Petteri Häyrisen ollessa isoäitinsä hautajaisissa ja latvialaisnostaja Agris Jurensin pelatessa 	selkävaivaisena	 Paterin passari _Harri Vannin_ eväät kuviorikkaan hyökkäyspelin rakenteluun oli syöty jo pallon singahtaessa epätarkasti Vannin passattavaksi .
728	on kulunut jo 2 500 vuotta tämän päivän Crotonessa eikä ole edes 	vaivaista	 _pylväänpäätä_ jäljellä Pythagoraan Krotonista .
733	Si 	vaivaista	 pistettä koko erässä .
741	KuPS-Volleyn hyökkäyspelistä meni teho 	selkävaivaisen	 _Johan Östmanin_ ja flunssaisen passarin Arto Hännin puuttumisen vuoksi .
747		Vaivaisen	 _sekunnin_ Mäkipäälle hävisi Variksen tavoin Ounasvaaran Hiihtoseuraa edustava Matti Keskinarkaus .
761	Australiassa Graf putosi loppuottelusta ja Tokion turnauksen Hingis voitti luovutuksella , kun 	selkävaivainen	 _Graf_ ei kyennyt pelaamaan finaalissa .
765	Mukana oli myös 	jalkavaivainen	 _Sami Laaksonen_ , ja vaikka hän tekikin kovan päivätyön , sekään ei auttanut .
767		Nilkkavaivaista	 _Harri Huttusta_ lukuunottamatta muut ovat pelikuntoisia .
769	Ammattilaiseksi julistaminen katkaisi Nurmen kansainvälisen kilpailu-uran olympiamaratonin aattona Ikuiseksi kysymykseksi jäikin , olisiko pystynyt 	jalkavaivainen	 _Nurmi_ kruunaamaan uransa maratonvoitolla samaan tapaan kuin Hannes oli tehnyt vuonna 1920 ?
770	Nekolan 	nilkkavaivaiseksi	 ilmoittama _Italian_ Bolognassa pelava Karabec oli omalla tasollaan lähinnä torjuntapelissään .
776	Läntisen Euroopan rakentamisen kokonaistuotoksesta Suomen osuus on 	vaivainen	 _prosentti_ .
778	Radat piirteli rohkeampi kun käteni 	vaivainen	 , joku kaikkia _korkeampi_ , maailmoja valtavampi , joka käskee ja tottelen .
780	Helsinkiläisellä mahtiseuralla Grankulla Bowlarella on keilannut seitsemän miestä 16 parhaan joukossa , mukana myös Suomen mestaruuden puolustaja , 	vatsavaivaisena	 _Kai Virtanen_ .
787		Vaivainen	 vartija .
788		Vaivainen	 vartija .
790	Tässä kohtaa julkista Kaikenlaista pientä saa- viestintäesitystä kuuluu tiin toimitettua , kun suur- ottaa mediatutkijan vatsakisoja ei tarvinnut seura- 	vaivainen	 _ilme_ ja vaikerta .
791	Iso puimuri ja 	vaivainen	 korsi
796	Lapinlahden Vedon Jari Hartikainen ( 79,62 ) ja Kaavin Kaiun 	kylkivaivainen	 _Harri Hakkarainen_ ( 79,26 ) miehittivät seuraavat sijat .
799		VAIVAINEN	 NEN
801	Tibor Gruborovics pelaa ja 	nilkkavaivaisen	 _Janne Moilasen_ esiintyminen on epävarmaa , mutta pelikiellossa ei ei ole ketään .
802		Kyynärpäävaivainen	 _Ingberg_ jää pois Kalevan kisoista
806	Äskettäin muuan 61 -vuotias 	sydänvaivainen	 _mies_ haastoi Safeway-myymäläketjun ja Washingtonin osavaltion maidontuottajat , koska maitotölkeissä hänen nuoruudessaan ei kerrottu rasvan ja kolesterolin vaaroista .
811	Jeesus 	vaivaiset	 _syntiset_ korjaa
819	HPK lähti peliin ilman 	selkävaivaista	 _Aleksandr Andrijevskia_ , minkä lisäksi Francois Bouchard loukkasi uudelleen nilkkansa .
832	Pelaajavalmentaja paranteli kotonaan selkäänsä , Santtu ja Ismo olivat 	jalkavaivaisina	 pois ja _Olli_ Olli Paunosella oli olkapäävamma .
833	TPS:n puolustuksesta puuttuivat 	vatsavaivainen	 _Peter Ahola_ ja pelikiellossa ollut Riku-Petteri Lehtonen .
839	Myös aina hyvin Pateria vastaan pelaava Jaakko Tapanainen ja 	nilkkavaivaista	 _Ako_ Sai un a keskipelaajana pääosin tuurannut Juha Haikonen saavat olla tyytyväisiä otteisiinsa .
840	Otetaan vaikka tuommoinen keskituloinen pörssiyrityksen johtaja , joka tienaa sanotaan nyt 	vaivaisen	 _miljoonan_ vuodessa .
847	Kimari pelasi jälleen hyvin , kuten muutenkin tällä kaudella , totesi 	selkävaivainen	 valmentaja _Heikki Kylliäinen_ , joka ei esiintynyt lauantaina kaukalossa .
851		Selkävaivaisen	 _Myllylän_ ja vatsakrampista kärsineen Hartosen viestikisa jäi kesken .
852	Samalla kurssilla työkaveri Seija Nenonen hävisi SaalastiUe 	vaivaisen	 _puoU_ kiloa .
857	Suomalaisista maailmancupin pisteille hiihti vielä Karri Hietamäki , joka oli 24:5. Sami Revon suksi tökki ja hän oli 33:5. Kuisma Taipale hiihti yhtäaikaa maaliin Dahlien kanssa , mutta hävisi tälle kuusi minuuttia ollen 38 : s. 	Vatsavaivainen	 _Harri_ Kirvesniemi keskeytti .
859	- On se kumma , kun minä , 	selkävaivainen	 _mies_ , raahaan fläppitaulun pukukoppiin ja piirrän tauluun tulevan pelitaktiikan niin pelaajat muistavat ohjeet vain kymmenen minuuttia , taivasteli oikeutetusti PiPy:n valmentaja Kari Turkka .
860	Köyhät - » 	vaivaiset	 » -ja _vanhukset_ hoidettiin yhteisön piirissä .
865	Halusimme vain jollakin tapaa kiinnittää huomionne vallan erinomaisen kilpailukykyiseen tarjoukseemme Harhautuksemme ansiosta tai siitä huolimatta sen tulevat huomaamaan monet muutkin , joten yllä olevat tuotteet saattavat suorastaan loppua kesken Kehotamme siis pitämään kiirettä Samalla kannattaa liittyä Club Mäkitorppaan : saat Club-tason edut ja VIP-tason palvelun Suomen toiseksi hauskimman kerhon elinikäinen jäsenyys irtoaa 	vaivaisella	 _satasella_
869	Suomen toiseksi hauskimman kerhon elinikäinen jäsenyys irtoaa 	vaivaisella	 _satasella_ .
871	Näkyvänä työvälineenään hänellä ei ole kuin 	vaivainen	 kapellimestarin _puikko_ .
872	Italian Nicolo Corradini jatkoi kahden mestaruuden jälkeen hyviä suunnistuksiaan ja otti nyt pronssia 	vaivaisen	 _sekunnin_ Varikselle hävinneenä .
874	Pateri joutui lähtemään otteluun ilman 	reisivaivaista	 _Henrik Kososta_ , joka piipahti kentällä vain pari kertaa takakenttävuorolla .
875	jä liigapistettä , vaikka joukkue joutui pelaamaan ilman 	reisivaivaista	 _Henrik Kososta_ .
876		Reisivaivaisen	 _Kähärän_ vain pariin otteeseen piipahtaessa kentällä hyökkäysvastuu jäi Maijo Koskirannalle sekä joukkueensa parhaana palkitulle Maria Uunilalle .
877		vaivaisella	 satasella .
879	Elinikäinen jäsenyys irtoaa 	vaivaisella	 _satasella_ .
880	Eikä maksa paljon , sillä elinikäinen jäsenyys irtoaa 	vaivaisella	 _satasella_ .
888	Pertunmaalla sijoitus oli toinen 	vaivaisen	 _sekunnin_ tappiolla .
891	Toisesta ja kolmannesta sijasta käytiinkin sitten tiukempi kamppailu , kun hopeaa napanneet Enonkosken Urheilijat voittivat pronssille tullutta Savonlinnan Hiihtoseuraa 	vaivaisella	 _pisteellä_ .
893	Kytönen kuroi eron kiinni aina yhteen 	vaivaiseen	 _sekuntiin_ mutta keskeytys yleisöerikoiskokeella Mannilan pellolla lopetti kaksintaistelun ja alle 125-kuutioisten hallitseva Suomen mestari Suominen sai ajaa rauhassa ykköspalkinnolle .
894	Oli 	vaivainen	 _matka_ , korvesta tuolta , päättyi tohtoriin retki , ei enää huolta .
896	Ilves sai aikaan 	vaivaisen	 _maalin_ , mutta IFK nakutteli seitsemän edes pahemmin hikoilematta .
899	Hän tulee alkuviikosta mukaan joukkueen MM-leirille siltä varalta , että 	nivusvaivainen	 _Mika Strömberg_ tai köhästä kärsivä Petteri Nummelin eivät toivu ajoissa pelikuntoisiksi .
900	Mainittujen lisäksi Ojakangas-Palmusen luottopelaajia ovat siirtyneet Euran Laura Loikkanen , Noora Nieminen ja nyt 	polvivaivainen	 Sari _Seppänen_ Orivedeltä , sieltä Euraan Riikka Lehtonen ja Saara Loik-
904	RoPS:ilta puuttui vakiomiehistöstä 	vatsavaivainen	 _Mika Lu-_
908	Sijoittamaton espanjalainen Francisco Clavet kukisti 1 l:nneksi sijoitetun ja 	vaivaisen	 _Changin_ 3-6,7-6,6-2,6-4.
913		Jalkavaivaisen	 liberon _Jyrki_ Huhtamäen paikan täytti ensimmäisen kokonaisen ottelun pelannut Petri Kokko hyvin .
915	Hollannin oli senkin tyytyminen 	vaivaiseen	 _pisteeseen_ , sillä sen kuuluisat pelaajat eivät saaneet lukuisista hyvistäkään tilanteista aikaiseksi edes maalia .
916	Joko on kyseessä SKP / SKDL:n kolmikymmenvuotisen sodan käännekohta , sen taite taikka lopullinen näivettyminen 	vaivaiseksi	 _osaksi_ poliittista vallankäyttöä .
917	Suomen moukarimies on 18- vuotias Olli-Pekka Karjalainen , joka vei paikan 	jalkavaivaiselta	 _Marko Wahlmanilta_ .
918	Joukkueen riveistä puuttui torstain harjoituksesta lievän kuumeen vuoksi puolustaja Sanna Räsänen sekä oman ohjelmansa mukaan harjoitellut 	jalkavaivainen	 Terhi _Uusi-Luomalahti_ .
921		Vaivaisena	 heittänyt _Jari Hartikainen_ sai toi-
930	Lopulta Kirille kolme pistettä varmistaneen 3-3 tasoituksen löi Jukka Latvala , joka tuurasi 	sormivaivaista	 _Janne Oinosta_ myös ulkopelissä .
933	Klubin miehistöstä olivat sivussa pitkäaikaisesta polvivammasta kärsivä Hannu Tihinen , 	vatsavaivainen	 _Aki_ Riihilahti ja pelikiellossa oleva Jarmo Saastamoinen .
937	Kovatempoisen ja tasaisen ensimmäisen erän jälkeen 	jalkavaivainen	 _Sampras_ alkoi hiipua .
940	Keskiviikkoiltana kilpaillaan naisten keihäänheiton Euroopan mestaruudesta ja mitalijahdissa ovat myös 	jalkavaivainen	 _Mikaela Ingberg_ ja tekniikkansa kanssa painiva olympiavoittaja Heli Rantanen .
944	Ilveksen kokonaispanosta laski selvästi se . että ykkösviisikon luottomiehet 	selkävaivainen	 keskushyökkääjä _Raimo Helminen_ ja nivusvaivainen puolustaja Mikko Haapakoski olivat poissa .
946	Ingberg on 	polvivaivainen	 , mutta yli 60 metrin _kaari_ riittää kevyesti ruotsalaisten lvömiseen .
948	KiPa voitti joukkueiden edellisen kohtaamisen Rantakentälläänkö yhdellä 	vaivaisella	 _juoksulla_ .
951	I Pulitar on äitiyslomalla , mutta kiskoo silti 720 kilon lannoiteannoksen kuin yhtä 	vaivaista	 _tukkia_ vetäisi .
956		Vaivaista	 _pelaajaa_ en tule kuitenkaan joukkueeseen kelpuuttamaan ja kuubalaisen vamma vaatii ilman muuta parantuakseen leikkaushoidon .
958	Pateri ei päässyt jyräämään vastustajiaan aivan parhaalla kokoonpanoilla , sillä 	polvivaivainen	 _Henrik Kosonen_ oli poteva kokonaan otteluista sivussa ja selkäänsä virolaissentteri piipahti kentällä vain pieniä toveja .
959		Nilkkavaivaisena	 pelannut _Tuomas Korpela_ oli tyytyväinen syystä ottelun jälkeen .
960	Valmentaja Kari Turkan ajatukset olivat jo uuden ulkolaisvahvistuksen värväämisessä 	tyrävaivaisen	 kuubalaisen _Rubinelda Henry-Serranon_ tilalle .
965	Tuollainen 	vaivainen	 pikkusumma !
966		Jalkavaivainen	 _Jari Litmanen_ pelasi vain ottelun viimeiset 15 minuuttia .
970	LiPaa vastaan MAKS-91 pääsee pelaamaan lähes parhaalla kokoonpanollaan , vain 	polvivaivainen	 _Pekka Lipiäinen_ on syrjässä .
974	PiPS oli vain 	vaivainen	 suupala _Jukureille_ jääkiekon 2. divisioonan ottelussa lauantaina .
977		Polvivaivaisen	 _Pasi Nenosen_ paikan hakkurina perinyt Esa Ikäheimonen ja hänen paikalleen tullut Antti Maikki olivat kolmessa viimeisessä erässä joukkueensa parhaimmistoa .
978	TPS:n puolustuksesta puuttui 	selkävaivainen	 _Aki Berg_ .
988	Hänen tuloksensa 577 kuitenkaan ei vienyt MA:ta neljän parhaan seuran joukkoon , vaan jatkossa mikkeliläiset ampuvat sijoista 5-8. Mikkeliläisten nenän edestä neljän joukkoon eteni tanskalainen PI-Arhus , joka voitti MA:n 	vaivaisella	 _pisteellä_ .
990	Paras sentteri 	nilkkavaivaisena	 _Dufva_ käytti kolmea viisikkoa
992	Miten se on mahdollista , kun tähän asti kalastuksella ei ole saatu kuulemma kuin 	vaivaisia	 _suolarahoja_ .
993	Kaksi sentteriä on sairastuvalla : 	selkävaivainen	 _Toni Koivunen_ ja nivusvammainen Stefan Örnskog eivät pystyneet pelaamaan , ja JYP joutui peliin vain yhdellä oikealla sentterillä .
996	TPS:n keskushyökkääjä Joni Lius on ollut kahdesta sarjapelistä 	vaivaisena	 poissa , mutta hänenkin perässään _Aravirralla_ on mieluummin huuto- kuin kysymysmerkki .
997	Toista on turha haikailla ainakaan nyt , kun vieraaksi saapuu ManU . Keskiviikkona ManU voitti Derbyn 	vaivaisella	 _paitsiomaalilla_ ( ? ) ja Ryan Giggs loukkaantui , mutta Nottinghamin kipeästi tarvitsemalla ongelmahollantilaisella Pierre van Hooijdonkilla puolestaan on ilmarinta , joka saattaa estää pelaamisen .
1002	Viikonlopun perusteella Jokerit on ollu menossa selvästi parampaan suuntaan , vauhti saattaa vielä kiihtyä kun 	nivusvaivainen	 _Otakar Janecky_ ja kuume- ja vatsataudissa Jari Kauppila liittyvät ryhmään .
1003	Vaino Väljjas - Kommunismi Marju Lauritsin - Köyhät ja 	vaivaiset	 _Sirje Kiin_ - Suomalaiset Pavel Ivanov - Venäläiset 13.05 Dallas 103250
1004	Loppuotteluun lievästi 	jalkavaivainen	 _Zein_ saa mieleisensä vastustajan .
1005	Hämeenlinnalaiset purkivat kiekkoja huolimattomasti , ja Ilves loi hyvällä maskipelillä vaarallisia tilanteita HPK:n 	selkävaivaisen	 maalivahdin _Pasi Nurmisen_ maalille .
1010	Esko säästi ensimmäisellä jaksolla selvästi 	kylkivaivaista	 _Henrik Kososta_ heittämälle kapteenille vain ani harvoin passeja , mutta Kososen saadessa toisen jakson alkuhetkillä lääkäriltä puudutuspiikin , palloja alkoi tulla tiuhempaan tahtiin Kososen iskukouraan .
1013		Kylkivaivainen	 _Henrik Kosonen_ teki hammasta purren joukkueensa suurimman pistemäärän ( 25 ) , mutta hänkin oli kaukana normaalitehoistaan .
1014		Kylkivaivainen	 _Henrik Kosonen_ oli lähtökohtiin yllättävänkin tehokas verkkopelissään , vaikka normaalitehoistaan hän jäi luonnollisesti melkoisen matkan päähän .
1021	Sitä paitsi vappuunkin on enää 	vaivainen	 _kuukausi_ .
1026	Paterin 	vaivainen	 _Henrik Kosonen_ parantelee itseään toukokuun ajan kotioloissa .
1030	Hakan Janne Salli jää 	nilkkavaivaisena	 pois olympiajoukkueen _Slovenian-matkalta_ .
1036	Arvailen vain , kumpi heistä on tänä äitienpäivänä onnellisempi , 	jalkavaivainen	 ja kivuliaitten kulumien rasittama _äitini_ vai päältä katsoen hyväkuntoinen Viinanen .
1039	Ainoastaan 	nilkkavaivaisen	 lina _Lifländerin_ pelaaminen on epävarmaa .
1040	Dallasia haittasi nivus 	vaivaisen	 tähtihyökkääjän _Brett Hullin_ poissaolo .
1047	Eläinlääkärin hoiviin saattaa joutua niin muoviputken niellyt krokotiili , 	silmävaivainen	 _kirahvi_ kuin sairas pandakin .
1058	Syy on yksin Nickin , Kevinin , Howien , A. J:n ja Brianin : Backstreet Boysien ensi-esiintymiseen Suomessa on aikaa 	vaivainen	 _tunti_ , mutta se varttujia eipä lohduta .
1060	Miesten keihäänheiton karsinta tuotti vain yhden yllätyksen , mikäli 	jalkavaivaisen	 _Harri Hakkaraisen_ karsiutuminen lopulta oli yllätys .
1061	FC Mikkeli pystyi vielä avausjaksolla rakentamaan peliä , mutta 	selkävaivaisen	 _Tommi Sallisen_ vaihtaminen kentältä runsaan tunnin kohdalla muutti lopullisesti ottelun luonnetta .
1073	Grästen kehui myös Sami Pyrhönstä , joka pelasi uhrautuvasti 	selkävaivaisenakin	 , ja _Timo_ Viljakaista , joka korvasi ensimmäisellä jaksolla loukkaantuneen Jukka Kurttilan .
1074	Naiskeihäänheittäjät aloittavat tänään ingberg 	vaivainen	 , _Uppa_ terveenä
1076	Vaikka Newcastlella on koossa 	vaivainen	 _piste_ viidestä ottelusta , Gullit ei aio eroa .
1079	Onneksi Espanjan ja Suomen välillä on aikaeroa vain 	vaivainen	 _tunti_ .
1081	Hattua täytyy miehelle nostaa , 	jalkavaivaisena	 itse kilpaillut _Backley_ ihasteli .
1082		jalkavaivainen	 Gebrselassie
1086	Kovinta jälkeä hyökkäyksissä teki 	selkävaivainen	 _Tuomas Sammelvuo_ .
1088		Nivusvaivainen	 _Kautonen_ on ainakin syyskuun katsomon puolella .
1090	Elokuvan ensimmäinen osa Jään ja tulen metsä on kunnianosoitus pohjoiselle luonnonmetsälle , ikimetsälle , jota vielä Venäjältä löytyy , mutta josta Pohjolassa on jäljellä vain 	vaivaiset	 _rippeet_ .
1097	Poskileikkauksen läpikäyneen Tomi Kallion lisäksi poissa olivat 	kurkkuvaivainen	 _Esa_ Keskinen , olkapäätään poteva Joni Lius ja hammasleikkaukseen joutunut Kimmo Eronen .
1101	Hänen edeltäjänsä Ruud Gullit ei saanut haalittua joukkueelle kuin 	vaivaisen	 _pisteen_ kuudesta ensimmäisestä pelistä .
1102	Torstaina epäilijät joutuivat häpeään , sillä idän jättiläinen SaiPa oli Hippoksella vain 	vaivainen	 _lilliputti_ , kun JYP jyräsi sen 5-2 ( 0-0,3-1,2-1 ) .
1111		Selkävaivaisella	 _Riitta Pitkäsellä_ on takana ehjä harjoittelukausi
1114	Ilman 	selkävaivaista	 _Esa_ Keskistä pelanneen TPS:n yhtenäisin ketju oli Kalle Sahlstedtin ( 1 + 0 )
1115	Amerikkalainen kansanjuhla , valmistujaiset häämöttää 	vaivaisen	 viikon päässä .
1122	Eilen puuttuivat jo ennen ottelua 	olkapäävaivainen	 _Harri Pöyry_ sekä Karkialammella Pi- Ta-ottelun aikana olleet ykkösvahti Pasi Keinänen ja Toni Karjala .
1129		Olkapäävaivainen	 Sari _Seppänen_ taisteli kivusta irvistäen esimerkillisesti ja Tiina Hamunen alkaa olla jo vain vartin päässä normaalikunnostaan .
1131	Elokuvan ensimmäinen osa Jiiän ja tulen metsä on kunnianosoitus pohjoiselle luonnonmetsälle , ikimetsälle , jota vielä Venäjältä löytyy , mutta josta Pohjolassa on jäljellä vain 	vaivaiset	 _rippeet_ .
1132	Numancialta puuttuu ilmeisesti Espanjan sarjan otteluissa avauskuusikkoon kuulunut 	selkävaivainen	 tshekki _Stanislav Pochop_ , jota tuurannee keskitorjujuna
1136	Analyytikko David Anderson hehkuttaa sumeilematta Transmetan mullistavan kannettavien tietokoneiden maailman , mikäli Crusoe todella pärjää käytössä 	vaivaisella	 _vvatilla_ .
1138	Loukkaantumisten takia riveistä puuttuvat 	nivusvaivaiset	 _Robert Reichel_ ja Jan Caloun sekä polvivammasta kärsivä Roman
1140	KEILAILU 	Selkävaivaisen	 _Mika_ Koivuniemen pelit ammattilaiskiertueen mestaruuskilpailussa sujuivat torstaina Toledossa tyydyttävästi .
1143	YLEISUHEILU 	Jalkavaivaiset	 pikajuoksija _Heidi Hannula_ ja kolmiloikkaaja Natalia Kilpeläinen jäävät pois Gentin EM-hallikisoista .
1145	Myös 	polvivaivainen	 _Pekka Markkanen_ onnistui puolutuksessa .
1146	PU-62 saa jalkeilla parhaan kokoonpanonsa lukuunottamatta 	nivusvaivaista	 _Sini Tammista_ . lina Lifländer tekee paluun tositoimiin jossain vaiheessa ottelua .
1155	Ja on muistettava , sairasta tai 	vaivaista	 _hevosta_ ettei toinna treenata .
1161	Se 	vaivainen	 _markka_ , mikä siitä olisi tullut , sitä minä en ollut vapaehtoinen ottamaan vastaan edes rangaistuksena .
1162	Poitiers'lle päätöskamppailusta tuli loukkaantumisten sävyttämän kauden pelikuva : poissa olivat 	käsivaivainen	 kroatialaishakkuri _Darko_
1164	Unitedilta puuttuivat 	jalkavaivainen	 toppari _Marko Suoste_ ja takareisivammasta kärsivä keskikenttäpelaaja Rodrigo .
1167	Hakalta puuttuivat 	jalkavaivainen	 _Valeri Popovitsh_ ja
1168		Jalkavaivainen	 _Cole_ vain ei kuntoudu ajoissa runsaan viikon kuluttua alkavaan kilpailuun .
1173	Suomalaiset yritysjohtajat ansaitsevat 	vaivaisia	 _taskurahoja_ eurooppalaisiin pomoihin verrattuna .
1175	Takalinjoilta Hollanti menetti 	jalkavaivaisen	 _Arthur Numanin_ turnauksen loppuun asti .
1177	Joukkueessa kilpailivat Aki Heikkinen , joka pääsi lähelle otteluennätystään 7 834 pisteellä , Harri Laiho teki 7 524 ja 	jalkavaivainen	 _Glenn Lindquist_ 7 257 pistettä .
1178	Viime vuoden maailmanmestari norjalainen Björnar Valstad hävisi hopean 	vaivaisella	 _sekunnilla_ .
1181		Selkävaivaisia	 _asiakkaita_ riittääkin hoidettavaksi , sillä Hyvönen on suorittanut Mikkelin ainoa virallisen osteopaatin loppututkinnon ammattilainen .
1185	Sunnuntaina Oulussa pelattavan miesten Itä-Lännen ensikertalaisten määrä kasvoi torstaina yhdellä , kun 	selkävaivaisen	 _Kankaanpään_ Mailan lukkari Ilkka Uusitalon tilalle valittiin Oulun Lipon Riku Rantanen .
1187	Jari Pyykölä joutui tulemaan ottelussa toimeen ilman pelikiekoista Jarkko Koskista ja 	jalkavaivaista	 _Lasse Peltosta_ .
1189	Sarjaa johtava Jukka Ketomäki jäi Vataselle 31 sekuntia , mutta onnistui kukistamaan kolmanneksi sijoittuneen Marko Niemisen 	vaivaisella	 _sekunnilla_ .
1190	Alustavasta miehistöstä Tapparan 	nivusvaivainen	 _Jani Hassinen_ ja pakkipulaan joutuneen TPS:n Martti Järventie ovat jo epävarmojen listalla .
1191	Juvan Jukka Mäkinen pamautti ensimmäisenä lyöjänä 	jalkavaivaisenakin	 _Mikko Muttilaisen_ kotiin tasoittanen tilanteen
1193	Tahkon jokeriosasto oli muutoinkin alamaissa , sillä 	kylkivaivainen	 lyöjäkuningas _Simo Eerikäinen_ ei onnistunut keräämään yhtään kärkilyöntiä kuudella yrityksellään .
1195	Salli vaihtui 	selkävaivaisena	 jo _Toni Kuivastoon_ , mutta muitten pitäisi olla tervei
1196	Aikaisemmin puhemiehen tehtävästä ei ole maksettu mitään muuta kuin 	vaivainen	 kansanedustajan _palkkio_ , minkä
1200	Paikkoja oli useampaankin , mutta lopulta iltapäivästä jäi käteen 	vaivainen	 _piste_ ja suuhun ruotsalaisen hapansilakan maku .
1202	Ilmaiseksi Harju suinkaan olympiavoittoa ei ottanut , sillä Nelson työnsi toisellaan hetkeksi Harjun kanssa tasoihin , mutta omalla työntövuorollaan huivipäinen Harju karjahteli voittopyörähdykseksi jääneen 21,29. Mitalitaisto oli todellista senttipeliä , sillä Godina jäi maanmiehestäänNelsonista ainoastaan 	vaivaisen	 _sentin_ .
1209	Kotijoukkue kentälle aivan parasta kokoonpanoaan , sillä 	nilkkavaivainen	 _Hell Mantila_ ei ei pelannut ottelussa .
1211	Paterin joukkueesta puuttui 	selkävaivainen	 hakkuri _Janne Räsänen_ eli parhaassakin tapauksessa Kovasella olisi ollut mahdollisuus pyörittää vain
1215	Jukureiden puolustuksesta olivat poissa kuumeinen Petteri Muotka , 	selkävaivainen	 _Tommi Kovanen_ , nivusensa loukannut Jukka Makkonen ja polvivammainen Esa Hämäläinen .
1219	Passareilta puuttui ottelusta 	käsivaivainen	 Ossi _Hämäläinen_ ja keskihyökkäyksiä hyvin päättänyt Ville Salminen .
1222	- Vanhalle ja 	vaivaiselle	 _lemmikille_ nukutuspiikki on armollista .
1226	Tottenham olisi muuten kelpo kandidaatti Goljatin kaatamiseen , mutta se on umpisurkea vierailija 	vaivaisella	 _tasapelipisteellään_ seitsemästä matkapelistään .
1229		Jalkavaivaista	 _Kylliäistä_ olisi tarvittu kentällä , sillä MAKS:illa on pulaa puolustajista .
1261	Sen sijaan Raskolnikov kiihtyi raivon partaalle panttikonttorin eukon hinnoitellessa hänen hopeisen taskukellonsa , jonka takakannessa oli maapallon kuva , 	vaivaisen	 _ruplan_ arvoiseksi .
1262	Enkeli rohkaisee Jeesusta Getsemanessa-kollaasissa tuskaista ja ahdistunutta oloa viestii luontokin ; 	vaivainen	 _puu_ ja tähdet , jotka hakevat turvaa toisistaan sekä Jeesuksen punaisiksi veripisaroiksi muuttuneet hikipisarat .
1263	Jos 	nivusvaivainen	 _Selänne_ on tuskaillut tehottomuuttaan , Phoenixin suomalaisviisikolla ei kulje sen paremmin .
