0	Saalis oli 	vaivaiset	 300 _markkaa_ .
7	Ainoastaan 	vaivaiset	 kuutisen _prosenttia_ haastatelluista oli valmis panemaan luottamuksensa poliittisen ja hallinnollisen vallan haltijoihin .
78	Vain pari kertaa se oli päässyt sorsastamaan ja noutojakin kertyi 	vaivaiset	 kaksi _._
79	Hanke on kiinni vain 	vaivaisesta	 20 _mmkista_ .
90	Pohjimmiltaan Naisvuoren tammen suojelussa ei ole ollut koko aikana kyse vain yhdestä 	vaivaisesta	 _puusta_ olkoonkin , että se on kaupungin komein ja arvokkain tammivanhus .
97	- Saimme Risto Burilta kymmenen uutta rengasta , mutta niissä reikä oli kymmenen milliä liian suuri ja se aiheutti sen , että ensimmäisen rytkyn jälkeen auton balanssi katosi täysin , Mäkinen kertoi valmistettuaan toisen sijansa 	vaivaisella	 kolmen _sekunnin_ erolla ennen Nilssonia .
99	Maalissa eroa hopeaan oli 15 sekuntia ja Zingerle kukistui 	vaivaisella	 kolmella _sekunnilla_ .
101	Ryhmän heittotarkkuudessa pelitilanteissa oh kuitenkin rutkasti parantamisen varaa : 2 pinnan heittoprosentti oh 46 ja ipinnan 	vaivaiset	 16,7. _Vaapaheittoja_ nuorisoseuran jouKkue linkosi 70 prosentin tarkkuudella .
102	Viidenneksi sijoittunut toiseksi paras suomalainen Vesa Mäkipää hävisi Corradinille 	vaivaiset	 kolme _sekuntia_ .
103	Lyytikäinen hävisi voittajalle 3,9 sekuntia ja hopea jäi 	vaivaisen	 0,7 _sekunnin_ päähän .
104	Kymmenen sukupolvea - 	vaivaiset	 kolmesataa vuotta .
114	Ilmakehän kosteudesta tulisi 	vaivaiset	 3 _senttiä_ .
120	Pronssimitalista hänet erotti kuitenkin vain yksi 	vaivainen	 _piste_ .
123	Nurmikko todellakaan ei jaksa kasvaa , jos alla on 	vaivainen	 viiden _sentin_ multakerros , joka on jätetty kalkitsematta ja lannoittamatta .
126	mahtanut 14 prosentista 	vaivaiseen	 viiteen prosenttiin .
128	Miesten mieltä ilostutti myös aamukamman 	vaivaiset	 46 _piikkiä_ .
131	Tässä sarjassa hienon suunnistuksen teki myös toinen Mikkelin mies Teijo Laasanen sijoittumalla kuudenneksi , 	vaivaisen	 55 _sekunnin_ päähän SM-paikasta .
133	Juvan kakkosjoukkue sijoittui pronssille ja 	vaivaiset	 kaksi _sekuntia_ edelliselle hävinneenä seuran kolmosjoukkue neljänneksi .
136	Poninhäntäinen taituri viihtyikin kalsealla keskuskentällä vain 	vaivaiset	 75 _minuuttia_ .
144	Espanjatar iski vajaassa tunnissa taululle numerot 6-1 , 6-2. Ensimmäinen erä oli varsinainen läpihuutojuttu , kun Saksan Barbara Rittner voitti 	vaivaiset	 kahdeksan _pistettä_ .
148	Miesten sadalla metrillä seiväshyppääjä Jani Lehtonen paransi ennätyksensä pikajuoksijoiden kiusaksi aikaan 10,63 , ja naisten pikamatkalla pituushyppääjä Ringa Ropo jäi 	vaivaisen	 sadasosan _päähän_ omasta ennätyksestään .
149	Annos varraslammasta taitaisi lamaannuttaa murinan nopeasti , mutta sen hinta alkaa hirvittää ; 28 markkaa , kun lompakosta pilkistää 	vaivaiset	 kaksi _ryppyistä_ kympin seteliä .
152	Kesän aikana vieraita on käynyt 	vaivaiset	 parisataa _._
158	Pohjoismaisen pörssitilaston mukaan osakkeiden vaihto Helsingin pörssissä oli 	vaivaiset	 62 _miljoonaa_ ecua , kun se Tukholmassa oh 1,2 miljardia ecua .
159	Koko ottelussa Jusseilla oh 40 kolmostilannetta ja Tahkolla vain 	vaivaiset	 kuusi eh ero oh huikea .
165	Salmenautio sijoittui kauden viimeisessä osakilpailussa , Kouvola-rallissa toiseksi ja voitti mestaruuden yhdellä 	vaivaisella	 _pisteellä_ ( 61 ) .
168	Vaikka saivatkin vaivoin pudotettua pääjohtajan pallilta , niin maksavat 	vaivaiset	 70 _000_ markkaa kuukaudessa eläkettä , kuten lehdet kertoivat .
169	Ulkomaan kansalaisten osuus väestöstä on vain 	vaivaiset	 0,5 _prosenttia_ .
172	MiKen kaksikko Ilkka Jokinen ( 1309 ) & Pauli Ripatti ( 1085 ) kukisti hopeaa saaneen Kimpan parin Markku Lahikainen ( 1210 ) & Pekka Horttanainen ( 1179 ) 	vaivaisella	 viidellä _keilalla_ .
173	Carl Lewis voitti 	vaivaisella	 kahdella _pisteellä_ pituushypyn maailmanmestarin ja ME-miehen Mike Povvellin .
182	naa , jonka korko on vain 	vaivaiset	 kolme _prosenttia_ .
190	Eroa voittajajoukkueen ja toiseksi sijoittuneen Pieksämäen maalaiskunnan välillä oli vain 	vaivaiset	 1,2 _sekuntia_ .
196	Skard ja Summanen ylittivät maalilinjan lähes rinta rinnan ja maalikameralla heidän erokseen « catiin 	vaivaiset	 0,22 _sekuntia_ .
197	Rakennusliikkeet ■ maäfoifi vähentämivapaarahoitteisia asuntoja aloi- ovat edes jotain tehdäkseen pu- Jj^ teniin 27000 , tänä ja ensi ristaneet hintatasoa niin alas , ' Rakennustarvikkeista ovat halventuneet vuonna 	vaivaiset	 2000 _._ enä täytyy'ihmetellä , miten ne- erityisesti puuhot ovat voineet maksaa 2 000 t ikkunat jj ovet markkaakin enemmän muu- Tavaroiden tama vuosi sitten , keskihinta oli helmikuussa kes- MvvmättÖniiä kimäärin kuusi prosenttia alramaasti Tästä n^pen * ™ ls * sl3 hu °- haisem P> kuin vruosi sittenruil&<UtaU limatta rakentaminen ei ole lisääntynyt Romahduslukujen taustalla kuitenkaan .
198	1989 niitä aloitettiin 27 000 , tänä ja ensi vuonna 	vaivaiset	 2000 _._
200	70-VUOTIAS 	NISKAVAIVAINEN	
208	MiKe putosi jatkosta 	vaivaisen	 neljän _Keilan_ takia .
209	Evensson sai tappion lisäksi toisen jobinpostin perjantaina , kun Winnipegin raamikas , mutta 	selkävaivainen	 puolustaja _Fredrik Olausson_ sanoi MM-kisoille kiitos ei .
215	Syylä onkin , sillä vaikka loppukiri näyttikin kovalta , niin viimeinen puolikas kellotettiin 	vaivaisesti	 16.0 _ja_ voittoa jaksi 14,4. Moisilla vauhdeilla ei ole mitään asiaa edes Solvallan kakkoskilpailuun .
216	Lajin voitti Slovenian Rajmond Debevec tuloksella 1 259,9. Hirvi hävisi hänelle 	vaivaiset	 0,8 _pistettä_ .
221	Viime vuoden pronssijoukkueella seitsemän ottelukierroksen jälkeen ei ole tilillään kuin kaksi 	vaivaista	 _pistettä_ .
223	Eilisen jälkeen eroa Kankkusen ja Biasionin välillä on 	vaivaiset	 viisi _sekuntia_ .
224	Sen osoittavat sarjassa tehdyt 	vaivaiset	 kolme _maalia_ sekä maaliton tasapeli maanantaina Rantakylän nurmella sarjajumboa Voikkaan Pallo-Peikkoja vastaan .
226	- Mikäli olisimme tienneet , että ero todellisuudessa oli vain yksi 	vaivainen	 _sekunti_ , olisimme ajaneet kyllä ihan eri malliin , hän nauraa .
229	Ensimmäisessä 7-ottelussaan hän kokosi pisteitä 6348 , jääden omasta Suomen ennätyksestään 	vaivaiset	 56 _pistettä_ .
231	Matkaa maaliin oli vain 	vaivaiset	 pari _metriä_ .
240	Ainakaan minä en saanut valintasotkujen vuoksi keskittyä olympialaisiin tarpeeksi rauhassa , 	vaivaiset	 569 _pistettä_ ilmapistoolilla tähdännyt Näveri manasi .
243	toimistot luottavat niin paljon Arsenalin mestaruuteen , että sen kerroin ennen liigan starttia on 	vaivainen	 2 _/_ 1.
245	Viime vuonna myytiin koko maassa 	vaivaiset	 200 _puimuria_ , kun niitä vielä 1990 myytiin 800 , Honkala sanoo .
248	Ainoastaan Bluokan voittaja Savonian Väinö Smolander pystyi paritulokseen kaataen kuuteen sarjaan 1 218. B:n toiseksi sijoittunut MiKen Jarmo Pulkkinen jäi vain yhden 	vaivaisen	 _keilan_ parirajasta .
249	Ruotsilla sitä vastoin ottelussa ei ollut kuin yksi 	vaivainen	 _tekopaikka_ .
250	Seitsemäs oli toinen tamma Charlotta Stone 16,8 , kahdeksas Brave Reg 16,8 , yhdeksäs Havvkin piskuinen 146-senttinen täysveli Hugo Laukko 17,0 ja kymmenes 	vaivainen	 _Harry_
254	Arturo Toscanini oli 31-vuotias astuessaan ylikapellimestarin virkaan La Scalassa , WUhelm Furrwängler 36-vuotias ottaessaan vastuulleen Berliinin filharmonikot ja Simon Rattle 	vaivaiset	 25 _vuotta_ ryhtyessään Birminghamin kaupunginorkesterin ylikapellimestariksi , Salonen itsekään eikä ollut kuin 27-vuotias , kun hänet valittiin Ruotsin radion sinfoniaorkesterin ylikapellimestariksi .
256	Belgialaisen yrityksen markkinoimat pikasimpukat voi valmistaa 	vaivaisessa	 kolmessa _minuutissa_ .
258	Toisessa turnauksessa Joensuussa Heijarit nappasi kaksi voittoa ja Kimppa yhden 	vaivaisen	 _._
260	Maksajiksi joutuvat purnaavat aina , mutta 	vaivaisen	 50 _miljoonan_ markan takia on lyhytnäköistä vaarantaa työterveyshuoltoa , joka on todistanut järjestelmänä tarkoituksenmukaisuutensa ja säästää muun terveydenhuollon kustannuksia .
269	Paikallinen helibor on 	vaivaiset	 150 _prosenttia_ .
279	Ero toisena olevaan Fordin Miki Biasioniin kutistui 	vaivaiseen	 8 _sekuntiin_ .
280	Paketin taakse oli kiinnitetty kahdella 	vaivaisella	 _teipillä_ sivu n kokoinen lapsenlapsen ! piirtämä enkeli .
281	Seitsemästä viimeisestä ottelusta joukkue on saanut 	vaivaiset	 kolme _pistettä_ .
283	Suomen mitalisaalis oli 	vaivaiset	 kaksi _:_ yksi pronssi ja yksi hopea .
284	Arvokisoissa hän on epäonnistunut vain kahdesti : Splitin EM-kisoissa hän jäi 	jalkavaivaisena	 kuudenneksi _1990_ , ja viime vuonna hän jäi Barcelonan olympialaisissa ilman tulosta .
287		Vaivaiset	 16 _prosenttia_ äänestäjistä uskoo , että SPD kykenisi selviämään kansakunnan haasteista paremmin kuin kristillisdemokraattien johtama hallitus .
289	Harrachovissa Tshekeissä pidettävissä kilpailuissa Lyytikäinen sijoittui neljänneksi viiden kilometrin kisassa ja hävisi pronssin vain vhdellä sekunnin kymmenyksellä ja hopeakin jäi 	vaivaisen	 kahden _sekunnin_ päähän .
292	Kolmanneksi suunnistanut Kirkkonummen Lynxin Tom Nylund jäi puolestaan Tervalasta 	vaivaiset	 seitsemäntoista _sekuntia_ .
294	Viimeinen ennakkoarvio lupaa kunnalle vain 	vaivaiset	 1,1 _miljoonaa_ markkaa .
299	Claresta tosin on matkaa Brysseliin 	vaivaiset	 900 _kilomet-_
302	Maaliviivalla miesten ero oli 	vaivaiset	 yhdeksän _sekunnin_ sadasosaa .
306	Joukkueen onnistui rakentaa 	vaivaiset	 kolme _kotiutustilannetta_ .
307	Pikkuhiljaa kotijoukkue kuroi juvalaisten selvän etumatkan yhdeksi 	vaivaiseksi	 _juoksuksi_ .
309	Osa-aikatyön brutto palkastani vähennetään ensin 750 markkaa , jäljelle jäävästä maksetaan 75 prosenttia jaettuna 21,5. Näin saatavasta päivärahastani vähennetään sitten soviteltu päiväraha 199,85 markkaa , jäljelle jää 	vaivaiset	 61,93 _markkaa_ .
310	1951 - 1954 laivaston koko oli 	vaivaiset	 2 _000_ tonnia , minkäänlaista reaalista taistelukykyä eikä ollut .
314	SaKen Oiva Sairberg puolestaan hävisi hopean 	vaivaisen	 yhden _keilan_ erolla Närhiin .
317	Lilli Suomalaisen ja Lauri Ihalaisen hiljentämisestä irtoaa vain yksi 	vaivainen	 _piste_ .
322	Veljekset etenivät välieriin asti , mutta tippuivat siellä finaalista 	vaivaisen	 kolmen _kymmenyksen_ erolla .
323		Vaivaiset	 83 _markkaa_ palauttaneen 65-rivin kuudes voittaja oli Unto Kärkkäisen White Grape , jonka tehtävä helpottui Take Controlin laukattua hylkäykseen saakka ensimmäisessä kaarteessa .
324	Tämän vuoden kolmen ensimmäisen kuukauden aikana Suomen päätuotteiden , paperiiy kartongin ja niiden jalosteiden' vienti kasvoi määrällisesti 7,7 prosenttia , mutta Eurooppaan vain 	vaivaiset	 1,5 _prosenttia_ .
325	Piste-ero voittajiin oli 	vaivaiset	 kolme _pinnaa_ .
327	Viime vuonna Viilinmiehen tammakilvan sankariksi nousi Lauri Turusen ohjastama Noves ELL , jolla ennen karsintaa oli rahaa 	vaivaiset	 11 _000_ markkaa , kun Pamela Bagin tilille oli kertynyt tuohta jo lähes 600 000 markkaa .
328	Imatran hahmo oli Jukka Holttinen , joka piti Sotkamon pomputtajat niin hyvin kurissa , esimerkiksi kärkilyöntitilaston ykkönen Kari Hakkarainen ettei saanut kuin neljä 	vaivaista	 _pistettä_ tililleen .
329	Kyynärtuntumassa matkaa jatkaneet suunnistajattaret saivat loppurutistuksessa eroa toisiinsa 	vaivaiset	 kaksi _sekuntia_ , maaliin ehätti Tiira edellä .
332	Auriolin etumatka Mcßaeen on 	vaivaiset	 kaksi _sekuntia_ .
333	Tosiasiassa Oulu ratkaisi ottelun kotitaipaleella , sillä yrityksiä molemmilla oli samat 	vaivaiset	 seitsemän _kappaletta_ .
338	Erityisiä vaikeuksia loimaalaisilla oli sisäpelissään , sillä joukkue sai luoduksi kamppailussa 	vaivaiset	 viisi _kolmostilannetta_ .
339	Viimeksimainittu johtaa viiden lajin jälkeen 4598 pisteellä , mutta eroa Meieriin ei ole kuin 	vaivaiset	 neljä _pistettä_ .
340	Viimeisenä jatkoon pääsi Saksan Steffi Nerius 59,68. Päivi Alafrantin erottivat loppukilpailusta 	vaivaiset	 42 _senttiä_ .
341	- Palkanalennusten kautta säästöä saataisiin valtion kassaan 	vaivaiset	 800 _miljoonaa_ markkaa .
344	Pituuttakin hyppään 	vaivaiset	 kuusi _ja_ puoli metriä .
348	Idänkaupan osuus ulkomaankaupastamme putosi muutamaan 	vaivaiseen	 _prosenttiin_ .
350	Alumiinitölkin paino on 	vaivaiset	 17 _grammaa_ .
361	Bloc Quebecois sai mukaan 54 paikkaa , uudistuspuolue 52 ja uudet demokraatit 8. Edellisen pääministerin Brian Mulroneyn valtaisasta epäsuosiosta kärsineille konservatiiveille jäi 	vaivaiset	 kaksi _parlamenttipaik_
362	Reipas on saanut 15 kierroksen aikana kokoon 	vaivaiset	 kolme _pistettä_ .
364	Maailmancupista kiinalaiset tienasivat 	vaivaiset	 120 _000_ dollaria ( n. 700 000 Suomen markkaa ) .
365	Makuutatko rahojasi pankkitilillä 	vaivaisella	 2,5 _%_ : n korolla ?
366	Kahden sarjan jatkopelissä tuli kuitenkin noutaja - Mikkeli jäi 	vaivaiset	 kolme _keilaa_ pääsystä 16 : n parhaan jatkopeleihin .
368	Makuutatko rahojasi pankkitilillä 	vaivaisella	 2,5 _%_ : n korolla ?
370	Nettomenot ovat 	vaivaiset	 miljoona _markkaa_ .
371	joskus 	vaivaisten	 sadan _vuoden_ Ettei kuluttuajoku tulisija sanoisi , että taas tarvitsee presidentti uuden palatsin .
377	YKSI 	VAIVAISISTA	 Haukivuori
378	Jari Isometsä jäi pronssisijasta 	vaivaiset	 seitsemän _sekuntia_ .
382	Nimimerkki Yksi 	vaivaisista	 _kysyy_ Länsi-Savossa 15.12. , että olisiko omalla terveyskeskuksella tarjolla muuta kuin kupparimummoja verta iskemään ja jatkohoitopaikka taivaassa ?
389	Mikkelin ja Mikkelin maalaiskunnan ero ensimmäisen osuuden jälkeen oli 	vaivaiset	 viisi _sekuntia_ .
391	Mäkelän torjuntaprosentti oli 	vaivaiset	 50 _avauserän_ ryöpytyksessä .
397	Kun mikkeliläisjoukkue hävisi torstaina ja Lieksan Hurtat puolestaan otti Kuhmossa pisteen , niin joukkueiden välillä on enää Jukureiden hyväksi kaksi 	vaivaista	 _pistettä_ .
398	Raution mukaan yksi 	vaivainen	 _hopeamitali_ kullan sijasta ei ole vaikuttanut joukkueen henkeen .
401	Kimpan kolmosjoukkue siirtyi 3. divisioonan johtoon voitettuaan niukasti 	vaivaisella	 kolmella _keilalla_ kärjessä olleen MJ-Keilan .
404	Suomi hävisi pronssin 	vaivaisella	 40 _sekunnilla_ , mikä oli heikosti menneiden henkilökohtaisten matkojen jälkeen pieni yllätys .
406	Ratkaisevaa viidettä erää mikkeliläinen johti parhaimmillaan pistein 6-1 ennen kuin Ahlblad aloitti kirinsä ja pystyi kääntämään pelin voitokseen 6 / 9. 	Selkävaivainen	 _Susanna Vanhanen_ ei pystynyt panemaan HSRC:n Nina Taimiahoa koville .
413	Peltomaakauppoja tehtiin 	vaivaiset	 yhdeksän _,_ mediaanihinta oli 13 333 markkaa .
414	Virosta tuotu hiili maksoi 	vaivaiset	 50 _penniä_ , ja viime vuonna vielä vähemmän , esittelee Riitta Kaipainen .
415	Eli vuosittaisiksi kustannuksiksi ei tule kuin 	vaivaiset	 72 _000_ markkaa kuussa .
416	A-luokan paras oli SaKen Oiva Sairberg , joka tuloksellaan 1220 kukisti MP:n Erkki Horttanaisen 	vaivaisella	 kolmella _keilalla_ .
418	Wrightin tilalla pelaa tänään Englannin maajoukkuehyökkääjä Paul Merson , jonka liigasaldo on 	vaivaiset	 seitsemän _maalia_ .
423	Vancouverin tähtihyökkääjä Pavel Bure sai aikaiseksi 	vaivaiset	 neljä _maalia_ kohti suuntautunutta laukausta .
426	kuitenkaan ole toimitettu vastustajan maaliin 11 ottelussa kuin 	vaivaiset	 kahdeksan _kertaa_ , ongelmaa on turha enää edes etsiä .
430	Koko matkan tasaisena säilyneen kilpailun voitto ratkaistiin vasta viimeisellä kolme kilometriä pitkällä Alanteen selkäosuudella . litin Ladun ykkösvenekunta kiskoi voittoon ajalla 4.07.31 . josta Vihtavuoren Pamauksen venekunta jäi 	vaivaiset	 seitsemän _sekuntia_ .
432	Selitin uudelleen , että naisten on odotettava viisi 	vaivaista	 _minuuttia_ päästäkseen vessaan .
435	Mikkelin juhlat saavat tukea 	vaivaiset	 13 _000_ markkaa per konsertti eli lähes ei mitään .
436	Joukkue tuli kentälle ylilatautuneena ja se näkyi ennen kaikkea joukkueen sisäpelissä , jossa Lännen ei onnistunut rakentaa kuin 	vaivaiset	 kymmenen _kolmostilannetta_ .
437	Ilveksen ja TPV:n paikallisottelua oli seuraamassa vain 	vaivaiset	 2 _594_ maksanutta katsojaa .
438	Sen ylitti vain kahdeksan heittäjää , ja finaalipaikka irtosi 78,98. Sen varasti Tokion MM-hopeamitalisti Valko-Venäjän Vladimir Sasimovitsh 	vaivaiset	 16 _senttiä_ Harri Hakkaraisen edellä .
439	Kuningatar Elisabeth löytyy varallisuuslistalta vasta sijalta 72. Kuningattaren henkilökohtaisen omaisuuden arvoksi arvioidaan 	vaivaiset	 158 _miljoonaa_ puntaa .
440	Ensimmäinen huutaja tarjosi kisapaidasta 	vaivaiset	 600 _kruunua_ , jolla hänellä tietenkään ei ollut mitään toiveita kahmaista himottua paitaa itselleen .
441	Kahdellakin suomalaisella oli oiva tilaisuus mitali napata , mutta lopulta pronssikin liukui käsistä — Mika Halvariita seitsemän ja Markus Koistiselta kahdeksan 	vaivaisen	 _sentin_ erolla .
445	Kun Gustav Paulig esimerkiksi ryhtyi vuonna 1904 ylpeänä markkinoimaan höyrypaahteista kahvia suomalaisille kahvin ystäville , vastaanotto ei ollut hääviä : ensimmäisenä vuonna paahdettua kahvia ostettiin 	vaivaiset	 2 _100_ kiloa , kun samaan aikaan työläämpää mutta tuttua paahtamatonta kahvia kävi kaupaksi 700 000 kiloa .
446	Autokunnat saapuivat tauolle Laajavuoreen ranskalaisen Didier Auriolin johdolla mutta Tommi Mäkinen oli jäänyt hänestä \ain 	vaivaiset	 kaksi _sekuntia_ .
447	LP-levyjen osuus myynnistä on enää 	vaivaiset	 kaksi _prosenttia_ .
448	Kuluvalla kaudella MP on voittanut vieraskentällä vain yhden pelin ja tehnyt 	vaivaiset	 kolme _maalia_ .
449	Tulevaisuus vaikuttaa turvatulta , kun vielä viime syksynä esikoisia ilmestyi 	vaivaiset	 kymmenen _kappaletta_ .
455	On oleva vaikea uskoa , että Karkialammen autokomppaniassa kokeiltavana törmäysistuin vastaa törmäystä 	vaivaisen	 viiden _kilometrin_ tuntivauhdista .
461	Jalkapalloilun Cole aloitti Arsenalissa mutta ei pystynyt vakiinnuttamaan paikkaan seuran edustusjoukkueessa ja manageri George Graham myi hänet Bristoliin 	vaivaisen	 yhden _liigapelin_ jälkeen .
463	Liittymistä kannattavat näyttivät aluksi voittavan yhdellä 	vaivaisella	 _äänellä_ , mutta tarkistuslaskenta osoitti vastustajien voittaneen kahden äänen erolla 1 720- 1 718. Niukka tulos ei antanut maanantaina aihetta suuriin tunteenpurkauksiin puoleen eikä toiseen , mutta maalaiskunnan päätaajamassa Naarajärvellä ehdittiin jo etsiä sitä henkilöä , joka ratkaisi tiukan kisan .
464	14 pisteen sijasta lontoolaisten sarakkeessa olisi kahdeksan pinnaa ja putoajan paikalta sen erottaisi 	vaivainen	 yksi _piste_ .
467	Tamperelaisilla on 	vaivaiset	 kahdeksan _pistettä_ , vaikka joukkueen uskottiin taistelevan liigan kärkipäässä .
469	Miksi eduskunnassa EU:hun menosta päätetään 2 / 3 enemmistöllä ja käydyssä kansanäänestyksessä riitti yksinkertainen enemmistö - 	vaivaiset	 57 _prosenttia_ äänestäneistä - remuamaan kirkkaasta enemmistöstä ?
475	balla on 450 pistettä kun von Griinigenillä niitä on 294. Thomas Sykora johti ensimmäisen laskun jälkeen 	vaivaiset	 kaksi _sadasosasekuntia_ ennen Tombaa .
476	Kimpan Pirjo Torniainen passitettiin suihkuun 	vaivaisen	 kahden
484	hyppynsä oli 78 metrin rääpäisy , mistä hän sai 	vaivaiset	 57.3 _pistettä_ .
486	Kuittinen kutisti eron kisaa johtavaan britti Andrew Davisiin 	vaivaiseen	 10 _pisteeseen_ .
489	Olin yhden 	vaivaisen	 _siirron_ myöhässä .
495	Monta päivää matkasimme 	vaivaisella	 kolmen _solmun_ nopeudella ja välillä tuntui , että uiden ehtisi pikemmin perille .
506	Jos hän kuitenkin onnistuu myymään 200 kuppia maukasta teetään , hänen päiväansionsa nousevat lähes 30 markkaan , kun ne ennen jäivät parin 	vaivaisen	 _markan_ tietämille .
512	Tällä kertaa häviö tuli yhdellä 	vaivaisella	 _maalilla_ , joka syntyi aivan pelin viime hetkillä .
513	Happosen kokonaiskilpailun voitto oli voittanut kuitenkin äärimmäisen niukka , sillä sunnuntain kisan Itävallan Martin Höllvvarth jäi Happosesta 	vaivaiset	 viisi _pistettä_ .
514	Sanattoman viestinnän kuten eleiden , ilmeiden ja äänien osuus muodostaa vain 38 prosenttia ja varsinainen asia 	vaivaiset	 seitsemän _prosenttia_ ensivaikutelmasta .
518	B-luokan voitti Heijareiden Jorma Nenonen , joka jäi parituloksesta 	vaivaisen	 kahden _keilan_ päähän .
519	Villa ei ole voittanut kuin Ipswichin kymmenessä viimeisessä liigaottelussa ja sen erottaa putoajan paikalta vain yksi 	vaivainen	 _piste_ .
520	Elämyksiä saloilla , yksin tai rutussa seurassa , saaliin saamisen riemua , tunarointiakin ohilaukauksina , väsymystä ja kastumista yhden 	vaivaisen	 tavin tähden .
521	Rangers varmisti jatkopaikan voitoin 4 — 2. 	Selkävaivainen	 _Mark Messier_ , 34. on onnistunut Rangersien kapteenina ravistelemaan joukkueensa hereille oikeaan aikaan .
532	Kokonaiskilpailussa lauantain avausmatkan voittanut Ducata vei 50 000 markan arvoisen voiton 	vaivaisella	 kymmenesosasekunnin _erolla_ Plant the Seediin .
534	New Jerseyn raju puolustuspeli tyrmäsi Detroitin nimekkään hyökkäajäkaartin , joka sai aikaiseksi 	vaivaiset	 17 _laukausta_ kohti New Jerseyn maalia .
541	Toiselta vuosineljännekseltä kansantuotteen kasvuluvuksi saatiin vain 	vaivaiset	 0.5 _prosenttia_ .
545	Bubkan valtakunnassa , seiväshypyssä , on haaveiltu vain vallankaappauksesta : vuoden 1990 EM-kisoissa Splitissä Bubka jäi 	jalkavaivaisena	 kuudenneksi _,_ ja Barcelonan olympialaisissa 1992 hän jäi loppukilpailussa tykkänään ilman tulosta .
552	Kenialaisten vauhti yski yllättävästi - neljä 	vaivaista	 _mitalia_ .
554	Se sai 11 miestä kolmoselle ja Kitee vain 	vaivaiset	 neljä _._
555	Finaalissa toiseksi tullut Michael Bänninger kukisti Haavikon 	vaivaiset	 24 _sekunni_ l sadasosaa .
556	Kun ala laskee , että korkokulut liikevaihdosta asettuvat 8 prosentin pintaan , ei voittomarginaaliksi jää kuin 	vaivaiset	 2-3 _prosenttia_ .
557	Sekunnin sadasosat eivät suosineet ja tamperelaisinsinööri putosi A-loppukilpailusta 	vaivaisella	 20 _sadasosasekunnilla_ .
561	Kun kuntien menoista hallinnon osuus on vain 	vaivaiset	 pari _kolme_ prosenttia , kustannussopeutusta on jouduttu hakemaan suoraan palveluiden tuotannosta .
563	Viisi 	vaivaista	 _vuotta_ tietenkään eivät ole pyyhkäisseet pois kolmeakymmentä muurin vuotta ja toista maailmansotaa , mutta muutoksen odottajien hermot ovat jo kireällä .
567	Liitto tarjosi 	vaivaista	 viiden _prosentin_ korotusta , mutta sen jälkeen puheenjohtaja Rickard Fagerlund on palannut nollalinjalle .
569	- Koko kymmenen hengen pizzaan tulee vain 	vaivaiset	 kolme _teelusikallista_ suolaa , sekin terveellisempää pan-suolaa , selittää Jarkko .
570	Missä moottoritie , jossa 	vaivaisia	 kymmentä _miljoonaa_ edes vilkaistaisiin ?
573	Suurin pettymys järjestäjille oli Mikkelin teatterin lastenkonsertti Ekosekotin , jonne myytiin 	vaivaiset	 25 _lippua_ .
574	Perää pitivät Mikkelin ja Pohjois-Karjalan läänit , 	vaivaiset	 42 _000_ markkaa asukasta kohti .
575	Kansanedustajien iltalypsykilpailussa Andersson jää viimeiseksi 	vaivaisella	 kymmenen _senttilitran_ tuloksella , vaikka on imettänyt vastikään itse , ja Sasi vie voiton .
576	Kamppailu kesti 	vaivaiset	 39 _minuuttia_ ja eräpisteet olivat murskaavat 15-3. 15-2. 15-1.
579	Matkapuhelinverkon rakentaminen Vietnamiin saattaa ensi silmäyksellä vaikuttaa mielettömältä hankkeelta ; onhan maan bruttokansantuote vain 220 dollaria eli 	vaivaiset	 940 _maikkaa_ henkeä kohti vuodessa ja ihmisten keskimääräiset ansiot sen mukaiset Mutta todellisuus näyttää kuitenkin toisenlaiselta .
580	SaKen joukkue nappasi hopeaa jäätyään Heijareista 	vaivaiset	 21 _keilaa_ .
583	Jos arvontakone valitsisi tämän rivin , voittaisi täysosumalla normaalikierroksella 	vaivaiset	 600-700 _markkaa_ .
592	C-luokassa Sa- Ken Antti Kakkonen onnistui hienosti ja lähenteli päätulosta jääden siitä 	vaivaiset	 12 _keilaa_ .
593	Kaksitoista viimeistä ottelua on tuottanut 	vaivaiset	 kolme _pistettä_ , pistepussi eikä ole lihonut lainkaan tänä vuonna .
602	voitto , sillä nykyisestä kiinteistöverosta kertyy 	vaivaiset	 133 _miljoonaa_ markkaa .
603	Suomessa teolliseen muotoiluun laitetaan vuodessa rahaa 	vaivaiset	 40 _miljoonaa_ markkaa ja muotoilijoita on vähän yli sata kun esimerkiksi japanilaisella elektroniikkajätillä , Sonyllä on yksistään 280 muotoilijaa , Olympus kameratehtaalla yli 30 ja hollantilaisella Philipsilläkin 250.
604	Kimpan Ville Haapasen tylyksi kohtaloksi tuli pudota jatkosta 	vaivaisen	 kahden _keilan_ erolla Saareen .
606	maailmanennätys . mutta hän jäi siitä 	vaivaiset	 35 _sadasosaa_ .
610	Saamani epävirallisen tiedon mukaan totuus on kovasti toisenlainen : ensimmäisen jäsenyysvuoden aikana TACIS-varoja tuli kolmen suomalaisyrityksen hoitamaan hankkeeseen ja niiden TACIS-varoista saama osuus oli vain 	vaivaiset	 0,2 _prosenttia_ .
611	Miesten välistä eroa ei ole kuin kuusi 	vaivaista	 _pistettä_ .
612	Mika Halvan maanantaina ei pystynyt parantamaan omaa kuulantyönnön voimassa olevaa halli-SE:tään , joka on 20,83. Viime vuonna Pirkkahallissa työntämästään SE-tuloksesta Halvari jäi 	vaivaisen	 kahden
617	Seuratoveri Timo Brotkin jäi 	vaivaiset	 kaksi _keilaa_ .
626	Käkelä oli 	jalkavaivaisena	 19 _:_ s ja Soini 26:5.
628	Jossain Brysselissä värjöteltiin kymmenen asteen koleudessa , New Yorkista puhumattakaan missä oli 	vaivaiset	 kolme _astetta_ .
630	Illan V5-rivi kulki alusta loppuun suosikkien tahtiin , ja voitto-osuus jäi 	vaivaiseen	 30 _markkaan_ .
631	Pysäköinti on myös helppoa eikä kulutus huimaa päätä ; bensiiniä kuluu 	vaivaiset	 3,3 _litraa_ satasella .
634	Kilpailu oli sijoittunut tiukka , sillä toiseksi Petra Olamo jäi 	vaivaiset	 neljä _sadasosaa_ .
635	Tämän kaiken saa omakseen 	vaivaiseen	 kymmenen _markan_ hintaan .
643	Muster matkasi turnauksen kolmannelle kierrokselle kukistamalla ranskalaisen Gerard Solvesin 6-1,6-3 , 6-0 	vaivaisissa	 _84:ssä_ minuutissa .
654	Siilinjärven Risto Nurmi voitti kisan ajalla 1.29,40. Hokkanen jäi voittajasta kaksi ja puoli minuuttia ja pronssimitalista 	vaivaiset	 kahdeksan _sekuntia_ .
657	Karsinnan tulostaso jäi niin vaisuksi , että Halvan putosi 	vaivaisella	 kahdella _sentillä_ .
658	Kuubalainen olympiavoittaja , maailmanmestari ja ME-mies Javier Sotomayor jäi 	jalkavaivaisena	 1 _l._ nneksi .
661	Agassi puristi voiton Bruguerassa 	vaivaisessa	 78:ssa _minuutissa_ .
662		Vaivaiset	 kaksi _pistettä_ erottaa tallin mestaruudesta .
666	Hondalla ajavia kaveruksia erotti maaliviivalla 	vaivaiset	 kaksi _sadasosasekuntia_ .
668	Sport 2 000 -luokan tasaisuutta kuvaa hyvin se . että hopeasijallaan arvokkaan Peugeot Speedake -skootterin omistajaksi päässeen Kuusijärven ja viidenneksi jääneen Alangon erotti lopulta toisistaan vain 	vaivaiset	 kolme _pistettä_ .
671	Kytölehto kaappasi arvokkaan kolmannen tilan 	vaivaisen	 viiden _sekunnin_ turvin .
673	Ennen viimeistä erää tilanne oli mikkeliläisten eduksi 	vaivaiset	 seitsemän _pistettä_ ja kaikki oli vielä mahdollista .
675	Maalintekijäksi hankittu Igor Kuznetshenkov on tehnyt 	vaivaisen	 yhden _maalin_ pelaamissaan 16 ottelussa .
683	Kriittisiä löytyi eniten Ruotsista , jossa jäsenyyttä kannatti 	vaivaiset	 84 _prosenttia_ vastanneista 9 prosentin vastustaessa .
685	Aukion läheisyydessä vanhan liiketalon purkamiseen ja uuden uljaan rakentamiseen kului 	vaivaiset	 puoli _vuotta_ .
688	Kakkosmaalivahtien värittämä ottelu oli ehtinyt 	vaivaiset	 puoli _minuuttia_ , kun Sai Palle oli ehtinyt ehtinyt siunaantua jo kaksi vaarallista maalintekopaikkaa .
689	Kitaravetoinen bändi ehkä ei ole ehtinyt vielä löytää täysin ominta olemustaan - poppoo on ollut kasassa vasta 	vaivaiset	 neljä _kuukautta_ .
691	Esimerkiksi maan pääkaupungissa Nouakchottissa äänestysprosentti oli 	vaivaiset	 30.
694	Kaikkiaan kun reaaliset matkakulut putsataan pois . europarlamentaarikon tili on 	vaivaiset	 75 _400_ markkaa kuukaudessa .
695	Yhtye kummastelee yhteen ääneen , miksi esimerkiksi Ylen kolmella suomenkielisellä kanavalla kuullaan lastenmusiikkia 	vaivaiset	 kaksi _tuntia_ viikossa .
703	Hietalahti hävisi 20 kilometrin kilpailussa voittajalle 	vaivaiset	 0,9 _sekuntia_ .
704		Vaivaisen	 kolmen _viikon_ sisällä on vietettävä joulut ja otettava jopa uusi vuosi vastaan .
705	Viikon halvin lounas kahdelle ryyditettynä kahdella oluella maksoi 	vaivaiset	 18 _markkaa_ .
727	Yhdeksästä viime ottelusta on irronnut 	vaivainen	 yksi _piste_ , kun Ässät on hävinnyt puolestaan vain yhden kuudesti viime ottelustaan .
729	Omasta Suomen ennätysajastaan ( 27.54 ) Pärssinen jäi 	vaivaiset	 0.13 _sekuntia_ .
730	loksena oli 	vaivaiset	 kolme _pistettä_ .
731	Hän aloitti kierteen vastaanottamalla 	vaivaiset	 1 _(_ XX ) puntaa ( vajaat 8 000 mk ) Manchesterin lentokentän vessassa .
734	Peterkan johto Thomaan on 15 kilpailun jälkeen 	vaivaiset	 kahdeksan _pistettä_ .
735	Se kesti vain 	vaivaiset	 kolme _varttia_ .
736	Laaksomaa nousi kakkoseksi toisella lenkillä ohitettuaan MikU A:n Ari Himasen 	vaivaisella	 kahdella _sadasosasekunnilla_ .
738	Vain 	vaivaiset	 kolme voittoa
739	Joukkue on pelannut 18 ottelua ja voittoja on kertynyt 	vaivaiset	 kolme _._
740	Ruotsin turnauksessa neljässä ottelussaan Tshekki teki 	vaivaiset	 kuusi _maalia_ , joista kolme viimeisteli Pavel Patera ( AIK ) .
743	Joukkueen ykkösnostaja Janne Pulkkinen oli 	nilkkavaivaistajohtuen	 puolitehoinen _._
744	Aamodt johtaa 	vaivaisilla	 neljällä _pisteellä_ .
746	Kolmiloikassa Koukonen oli 	jalkavaivaisena	 kahdeksas _tuloksella_ 10,62.
748	MM-pronssi jäi vain 	vaivaisen	 20 _sekunnin_ päähän
749	Ounasvaaran Hiihtoseuran kasvatti jäi pronssistakin lopulta 	vaivaiset	 20 _sekuntia_ .
750	Nikkola jäi harmittavan lähelle MM-pronssimitalia , sillä hän hävisi Freiholzille ainoastaan 1,8 pistettä eli hyppyjen pituudessa 	vaivaisen	 yhden _metrin_ .
751	Tässä v aiheessa eroa oli enää norjalaisen hyväksi 	vaivaiset	 kaksi _sekuntia_ .
756	Tilikauden ylijäämä oli 	vaivaiset	 1533 _markkaa_ , totesi kunnanhallitus maanantaina .
757	Juhlavuottaan Mikkelin Golf juhlistaa pudottamalla liittymismaksunsa 	vaivaiseen	 30 markkaan nykyisen 750 markan sijaan .
758	Sunderland maksoi entisestä maajoukkuelaiturista 1. divisioonan Bradfordille 	vaivaiset	 75 _000_ puntaa .
762	Everton on Valioliigassa 13:ntena , mutta putoamisviivaan on matkaa 	vaivaiset	 viisi _pistettä_ .
766	Sabresin pelaajat saivat aikaiseksi viimeisen 20 minuuttisen aikana 	vaivaiset	 viisi _laukausta_ kohti Ron Tugnutt vartioimaa Senatorsien maalia , mutta niistä peräti kaksi tuotti tulosta .
768	Nettorahoituskuluja oli tammi-maaliskuussa 	vaivaiset	 10 _miljoonaa_ markkaa , joten Nokian rahoituserien jälkeinen tuloskin nousee 12.8 prosenttiin liikevaihdosta .
775	Materiaaliltaan liian pienen sekä myös hengeltään etenkin loppuvaiheissa huonon joukkueen taival liigassa päättyi kahden 	vaivaisesti	 _sujuneen_ vuoden jälkeen .
781	Vuosikate on Savonrannan jälkeen maakunnan paras , liki 7,50 penniä , ja velkaa 5 000 asukkaan kunnalla 	vaivaiset	 232 _markkaa_ asukasta kohden .
786	Kotikentällä on kangertanut eritoten maalien tekeminen , neljässä kotiottelussa on syntynyt 	vaivaiset	 kolme _rysää_ , kun vieraissa on tehty sentään kolmessa pelissä yhdeksän maalia .
789	Ainoastaan Venezuela on menettänyt mahdollisuutensa lohkosta : se on saanut kasaan 	vaivaiset	 kaksi _pistettä_ tasapeleillä 11 ottelusta .
792	Emäntä siihen , että ei sitä viilsi koko puimuria yhden 	vaivaisen	 _oljenkorren_ tähden käynnistää .
794	osakilpailuvoitosta ja maalissa eroa oli Rannaojan hyväksi 	vaivaiset	 0,4 _sekuntia_ .
795		Vaivaiset	 3 _prosenttia_ maapinta-alasta ruokkii ja asuttaa egyptiläisiä .
800	Tuolloin se oli ammattitallilla jalat paksuina . 	vaivaiset	 12 _000_ markkaa tilillä .
804	Sitä ennen heinäkuun puolella oli ehtinyt sataa 	vaivaisen	 2.4 _millin_ ver-
805	Pieksämäen Vesa Jäppinen jäi 	jalkavaivaisena	 kuudenneksi
807	Savonlinnassa nähtävä Tony Palmerin ohjaama ja Valeri Gergijevin kapellimestaroima Mariinskin esitys kestää 	vaivaiset	 kuusi _tuntia_ , elleivät pietarilaiset yhtäkkiä päätä simpsaista wagneria paloiksi Ruhtinas Igorin tyyliin
808	Anttolan Urheilijoiden Mikko Väisänen missasi helpon näköisellä toiseksi viimeisellä rastilla parisen minuutti ja jäi Heikkisestä 	vaivaiset	 18 _sekuntia_ .
810	Särkän ja neljänneksi sijoittuneen Toni Kuortin eroa oli 	vaivaiset	 neljä _sekuntia_ .
812	Mäkinen voitti niin Vanerin , Himoksen kuin Harjunkin pikarykäisyt ja lähtee päätöslenkille 	vaivaisen	 kahden _sekunnin_ johdossa ennen Sainzia .
821	Neuvostoliitto ( IVY ) huijasteli kuusi vuotta sitten Tokiossa 29 mitalia , mutta sen jälkeen ex-neuvostotasavaltojen yhteiset mitaliluvut ovat olleet 26 , 25 ja 18. Venäjä on kerännyt kolmissa viime kisoissa 16,12 ja Ateenassa 	vaivaiset	 kahdeksan _mitalia_ .
823	Eli velkaa saa tehdä valtiolle vain 	vaivaiset	 20 _miljardia_ vuodessa .
824	Väki ukkoutuu vauhdilla , viime vuonna vaihdoksia 	vaivaiset	 21
827	jossa on rasvaa 	vaivaiset	 25
828	Leppävirtalaisista parhaiten keilasi Janne Heikkiläinen , joka hävisi Kekille 	vaivaiset	 15 _pistettä_ .
829	Matkaa Liiketalouden instituuttiin tulisi 	vaivaiset	 muutama _kymmenen_ metriä .
830	Siitä todisteena pari täpärää voittoa : neljällä pisteellä kukistui toinen mikkeliläisseura Tek-81 ja 	vaivainen	 yksi _piste_ antoi Heijareille bonukset RKM-Lappeenrantaa vastaan pelatessa .
834	Viikkokohtaisen sopimuksen Palacen kanssa tehnyt Bonetti ehti ennen siirtymistään pelata Palacen paidassa 	vaivaiset	 50 _minuuttia_ .
837	Pyrinnön käriripisteet olivat 1 226.5. TuUL hävisi 	vaivaiset	 puoli _pistettä_ .
842	Kuitenkin esimerkiksi erinomaisesti siitoksen kelpaava Allison Hollovv meni 140 000 dollarilla , ja kiinnostava varsalahjakkuus Nuke It Freddie maksoi Miltonille 	vaivaiset	 9000 _dollaria_ .
843	Loppuottelun alussa ykköspelaajien ottelussa brittien Simone Parke kaatoi maailmanlistan kolmosen 	selkävaivaisen	 _Jonathon_ Powerin 18 minuutissa 3-0. - Olihan se helppoa , mutta hän oli loukkaantunut , Parke tunnusti .
844	Eroksi jäi 	vaivaiset	 0,3 _sekuntia_ .
846	Tuomisen toinen voittaja Banderas lähti mukaan 	vaivaisella	 8 _600_ markan voittosummalla .
849	Samoin sanotaan myös : maksoin siitä 	vaivaiset	 pari _markkaa_ .
850	Ensi vuoden lainapotti on 	vaivaiset	 600 _000_ markkaa .
853	Esimerkiksi tuttuja Pandan 300 gramman Juhlapöydän konvehteja myydään joulun alla huikeat 23 miljoonaa rasiaa , kun aiemmin tänä vuonna rasiaa on myyty 	vaivaiset	 60 _000_ kappaletta .
855	Sandell jäi niukasti mitalisijojen ulkopuolelle ja sijoittui neljänneksi häviten pronssimitalin 	vaivaiset	 kaksi _sekuntia_ .
856	Everton on kerännyt 18 ottelusta 	vaivaiset	 14 _pistettä_ .
858	Kotijoukkueen ongelma on ollut erityisesti viimeistely , sillä venäläiset ovat tehneet kolmessa ottelussa 	vaivaiset	 kolme _maalia_ .
866	Hiihtosuunnistuksen MMkisoihin äskettäin valittu Kosonen sijoittui kuudennella osuudella , naisten viitosella toiseksi 	vaivaiset	 neljä _sekuntia_ Mäntyharjun Anna Kohoselle hävinneenä .
867	Mika Myllylä hävisi 	vaivaiset	 0,9 _sekuntia_ Thomas Alsgaardille .
868	Torjunnoilla Passarittaret saivat 	vaivaiset	 kaksi _pistettä_ , kun aloitussyötöillä tuli sentään 14 pinnaa ja hyökkäyksilläkin kymmenen .
870	Lokakuun loppuun mennessä Turkin kohteissa kävi 106.500 suomalaista , kasvua 	vaivaiset	 1,2 _prosenttia_ .
873	Samalla Westerlund pääsi kiilaamaan meistä ohi , Vihavainen sanoi hävittyään Heikki Westerlundille 	vaivaiset	 kaksi _sekuntia_ .
878	Näitä kaikkia pääsee yrittämään 	vaivaisella	 125 _Saksan_ markalla , 5 arpaa käsittävällä juhlapelitarjouksella .
883	Vaikka kokenut Larissa Lazutina , 32 , jäikin 	vaivaiset	 viisi _ja_ puoli sekuntia olympiakullasta .
884	Yhteismittaan lisää 	vaivaiset	 puolitoista _metriä_ ja Ahonen olisi jakanut kullan Jani Soinisen kanssa .
885	Kahdeksasta ottelusta se on kerännyt vain 	vaivaiset	 kaksi _pistettä_ .
886	eduksi 	vaivaisella	 1,2 sekunnilla .
890	Romaniaa ja Kolumbiaa vastaan on varattu yhteensä 	vaivaiset	 9 _000_ lippua saarivaltakunnan faneille .
892	Hinta on 	vaivaiset	 30 _markkaa_ .
895	Panthers taas 	vaivaiset	 54 pistettä 72 ottelusta .
898	Vaativalla radalla ratsukko sai 	vaivaiset	 8,25 _virhepistettä_ neljästä puomin alastulosta ja alle sekunnin aikaylityksestä .
901	Se on edelleen 	vaivaiset	 kymmenen _markkaa_ .
902	Eroa pronssiin oli 	vaivaiset	 viisi _kiloa_ .
903	Edean sijoitusta ei kannata ennakkoon arvailla , mutta millainen ryöppy eurooppalaisilla puhelinlangoilla koetaankaan , kun äänestysaikaa on 	vaivaiset	 viisi _minuuttia_ !
905	Tämän saldoksi kertyi yksi 	vaivainen	 _syöttöpiste_ suomalaisen valvonnassa .
906	Irlannin osakilpailun voittaja Norjan Björnar Valdstad jäi 	vaivaiset	 kolme _sekuntia_ , mutta pitää vankasti johtoa cupissa .
910	Ristiriitaista kyllä ökyrikkaalla Ahvenanmaalla löytyy Kökarin kunta , jossa asukkaiden on sinniteltävä tulonsaajaa kohden 	vaivaisilla	 55 _584_ maikan ansioilla .
911	Mikkeliläinen Toivasen Eino on kerännyt ne yhdeltä 	vaivaiselta	 _aarilta_ .
912	Pk-yritysten taseissa omia pääomia on 	vaivainen	 kolmasosa _ja_ liian moni yritys joutuu myymään edelleen kovin pienillä katteilla .
919	Brasilian kannattajat luonnollisesti toivovat , että heidän takalinjansa selviytyy Zamoranon-Salasin juonittelusta ja että Ronaldo tekee vihdoin maaleja ; nythän maalitili on karttunut 	vaivaisella	 yhdellä _._
922	Aika uupuu vain yhden 	vaivaisen	 _sadasosasekunnin_ Oulun Pyrinnön vuonna 1996 juoksemasta Suomen ennätyksestä , ja se jäi ainoana kismittämään .
929	Vyölaukusta löytyy 	vaivaiset	 120 _markkaa_ . joista puolet katoaa torikaupanvalvojan pussiin .
931	Ensimmäiset kumipyörätraktorit korvasivat piikkipyörät , joilla oli körötelty 	vaivaista	 10 _kilometrin_ tuntivauhtia .
932	Pyöräilykypärän käyttöaste on Mikkelin seudulla 	vaivaiset	 10-13 _prosenttia_ , tietää kertoa Marja Siintomaa Liikenneturvan Joensuun aluetoimistosta .
934	Schumacher on kuronut kolmella perättäisellä osakilpailuvoitollaan Häkkisen hulppean etumatkan kahteen 	vaivaiseen	 _pisteeseen_ , eikä seuraavan osakilpailun näyttämö , Zeltwegin Almoottorirata Itävallassa , suosi McLarenia .
935	Moukarinheittäjä Sini Pöyry avasi Annecyssa Suomen mitalitilin 19-vuotiaiden MM-kilpailuissa heitettyään moukarissa hopeaa naisten Suomen ennätyksellä 61.76. Mestaruus meni Saksan Bianca Achillekselle . joka tempaisi neljännellään 	vaivaiset	 _kolme_ senttiä Pöyryä pidemmälle .
936	Voittajakerroin oli 2,86. V6s:n arvo oli neljän lähdön jälkeen 	vaivaiset	 29 _markkaa_ .
938	Metzin avauspelissä 1-0. Jalkapalloliigassa HJK on tehnyt 19 ottelussaan 	vaivaiset	 23 _maalia_ .
939	Vain 	vaivaiset	 kaksi _prosenttia_ piti parhaimpana miestä , joka kykenisi repimään vaatteet heidän yltään .
941	Siitä voi jokainen laskutaitoinen ynnätä grammahintaa yhdelle 	vaivaiselle	 _taville_ .
943	Kuultuaan Paasosen voittomarginaalin , 	vaivaiset	 0,3 sekuntia .
945	Ilveksen kokonaispanosta laski selvästi se . että ykkösviisikon luottomiehet selkävaivainen keskushyökkääjä Raimo Helminen ja 	nivusvaivainen	 puolustaja _Mikko Haapakoski_ olivat poissa .
949	Jamshidi väänsi Asellista kolme 	vaivaista	 _yhden_ pisteen vyörytystä ja voitti jatkoajalla .
950	hävisi olympiavoittaja Myllylälle 	vaivaiset	 puoli _sekuntia_ .
953	Koko alkusyksyn erinomaisia tuloksia keilannut Myllymäki hävisi Ari Jehkiselle 	vaivaiset	 25 _pistettä_ tuloksellaan 2 352. Kilpailun kolmanneksi keilasi Mainareiden Harri Manninen häviten Myllymäelle 24 pistettä .
954	Euroopan mestaruuden voitti Sveitsin Peter Beck 	vaivaisen	 kolmen _pisteen_ erolla Roivakseen .
961	PSV on vasta ll:ntenä 	vaivaisella	 seitsemällä _pisteellä_ .
963	Kolmannen erän alussa , kun jakso oli vanhentunut 	vaivaiset	 17 _sekuntia_ , Kauppila ratkaisi ottelun .
964	TPS:stä dollariliigaan siirtynyt Aalto pelasi viime kaudella 	vaivaiset	 kolme _ottelua_ Ankka-paidassa ( 0 + 0 ) ja farmiseura Cincinnatissa 29 peliä tehoilla 4 + 9 = 13.
967	Neljässä ottelussa tehtiin 	vaivaiset	 14 _maalia_ .
968	Kapanen ehti torjua reilussa erässä 12 laukausta , kun HIFK:n vahti Jan Lundell keräsi 40 minuutissa 	vaivaiset	 seitsemän _torjuntaa_ ( 3 + 4 ) .
969	Tshekillä on neljästä pelistä kolme tasapelipistettä , mutta Venäjällä ainoastaan yksi 	vaivainen	 _._
973	Lauluja Linnunradan laidalta : parhaat 1991-98 Kuustos-Mikolla on niin paljon radiohittejä . että tuntuu ihmeelliseltä , että tämäkin kokoelma on kasattu 	vaivaisten	 kahdeksan _vuoden_ ajalta .
975		Vaivaisen	 20 _000_ - 30 000 markan säästön vuoksi ollaan murentamassa pohjaa pois koko tapahtumalta eli heitetään lapsi pesuveden mukana viemäriin .
976	Ennakkosuosikki , Mikkelin Hiihtäjien Harri Kirvesniemi joutui taipumaan Hirvilammelle 	vaivaiset	 3.8 _sekuntia_ ollen kolmas ja kisan neljäs , Juha Vallinkin mahtui vielä viiden sekunnin sisään Tornimäellä .
979	Kirjailijan viime teosta , pessimististä esseekokoelmaa Venäjä romahdustilassa painettiin kuitenkin vain 	vaivaiset	 5 _000_ kappaletta .
980	Torstaina Fratton Parkilta lähti joukkueen tehotykki John Aloisi , jonka Valioliigan Coventry joutui maksamaan 	vaivaiset	 660 _000_ puntaa .
981	Suomalaishyökkääjä sai niukalti jääaikaa , avauserässä 	vaivaiset	 kolme _minuuttia_ , Tikkanen eikä ole saanut vielä aikaan kauden avausmaalia .
986	dessa käteen 2 240 markkaa , jos- viikkoa kohden 	vaivaiset	 235 _ta_ hän maksaa ( pienen ) vuokran markkaa !
987	Kyllä ne varmasti jonkin keinon keksii , ei sitä kukaan ainakaan erota , näin antoi tulla eräs mikkeliläinen , joka totesi vielä puhelussaan , että kylä suomalaiset ovat kateellisia , että erottivat hyvänä pidetyn ja hyväksi tiedetyn pääjohtajan 	vaivaisen	 3 _miljoonan_ vuoksi .
998	Vuonna 1994 Suomessa rekisteröitiin 	vaivaiset	 852 _uutta_ moottoripyörää .
1000	Favre on saanut tällä kaudella 	vaivaiset	 seitsemän _mc-pistettä_ , mutta vielä kaksi vuotta sitten hän oli MM-kisoissa pikamatkalla neljäs , takaa-ajossa viides ja viestissä kolmas .
1001	Tasapäisen vastuksen kuopiolaiselle tarjosi Jyväskylän UA:n sprinttispesialisti Ari Könönen , joka jäi voittajasta 3,1 kilometrin radalla 	vaivaiset	 17 _sadasosaa_ .
1008	Olihan se vain 13 prosenttiyksikköä , 	vaivaiset	 130 _000_ markkaa miljoonatulosta .
1009	Samalla joukkueiden välinen ero kasvoi yli kahteen minuuttiin ja se piti loppuun asti , vaikka ero kaventui yhdeksännellä osuudella 	vaivaiseen	 yhdeksään _sekuntiin_ Rantasalmen Pekka Lappalainen ja Savonlinnan Teemu Pulkkisen lähtiessä ankkuriosuudella .
1011	Kisan kakkoseksi sijoittui Norja 	vaivaiset	 0,4 _sekuntia_ Venäjälle jääneenä .
1015	Kolmas erä ehti vanhentua vain 	vaivaiset	 25 _sekuntia_ , kun Danielia Goyette ohjasi ylivoimalla Hayley XVickenheiserin siniviivavedon Erin VVhittenin taakse .
1017	PiPy saalisti ottelussa 22 torjuntapistettä , kun emännät saivat niitä kokoon 	vaivaiset	 neljä _kappaletta_ .
1020	Jatkoajalla Mike Modano laukoi 3-2 - voitto-osuman nopeasti : yliaikaa ehdittiin pelattava 	vaivaiset	 44 _se-_
1024	Eroa voittajiin kertyi vain 	vaivaiset	 30 _sekuntia_ 50 kilometrin matkalla .
1027	Liput maksavat 	vaivaiset	 25 _markkaa_ .
1028	Mikkelin seudulla viljelijöitä on 26 ja pinta-ala 	vaivaiset	 4.58 _hehtaaria_ .
1029	Mäkelä heittikin 	vaivaiset	 5 _pistettä_ koko ottelussa .
1031	Hän oli toisen aika-ajon selvästi nopein , ja VVinkelhockin edellispäivän noteeraus jäi 	vaivaisen	 0,1 _sekunnin_ päähän .
1035	Lopussa TPS:stä tuttu German Titov sai lauottua kiekon omasta puolustuspäästä tyhjään Toronton maaliin : 0-2. Maple Leafs on tehnyt pudotuspeleissä 	vaivaiset	 yhdeksän _maalia_ seitsemässä ottelussa .
1037	Pelivaihto kun oli 	vaivaiset	 35 _000_ markkaa .
1038	Virolaiset ja liettualaiset eivät saanee pieksämäkeläisiltä yhtään eräpistettä ja latvialaisillekin heltisi mestarikaksikolta vain kolme 	vaivaista	 _pinnaa_ .
1041	Puolet siitä syntyy palvelusektorilta , 42 prosenttia teollisuudesta ja 	vaivaiset	 kolme _prosenttia_ maataloudesta .
1042	Toiseksi ehti Salminen , joka hävisi 580 kilometriä pitkässä kilvassa vain 	vaivaiset	 14 _sekuntia_ .
1043	Pienoisrobotti painaa 	vaivaiset	 0,42 _grammaa_ ja kykenee siirtämään kaksi kertaa itsensä suuruisia esineitä .
1045		Vaivainen	 1,2 kilometrin matka lunta takaa kesällä monelle harjoittelun mielenrauhan .
1046	Kahdeksan tunnin urakan , lukemattoman määrän askeleita ja parin 	vaivaisen	 _hikipisaran_ jälkeen nousimme huippuharjanteelle .
1050	Esimerkiksi Van Halen II saatiin julkaisukuntoon keväällä 1979 	vaivaisessa	 _kuudessa_ päivässä , kun sen biisit tehtiin melkein valmiiksi jo esikoislevyä aloitettaessa .
1051	Hyökkääjä Rivera pelasi AC Milanissa 19 vuotta vuodesta 1960 lähtien ja voitti äänestyksessä van Bastenin yhdellä 	vaivaisella	 _äänellä_ .
1056	Ostajan kallokaan katiskan hinnasta ei kuumene , sillä se maksaa vain 	vaivaiset	 seitsemänkymppiä _._
1057	Vähiten pelaaminen kiinnosti Lemussa , jossa käytettiin 	vaivaiset	 kaksi _markkaa_ pelaamiseen asukasta kohden .
1059	Levy nimittäin äänitettiin kertaalleen valmiiksi syyskuussa New Yorkissa 	vaivaisessa	 kolmessa _päivässä_ .
1062	Yksi 	vaivainen	 _ampiainen_ on totinen vihollinen , karhun raapimajäljet puussa aiheuttavat oikeata kutinaa selkärangassa .
1063	Yksi 	vaivainen	 _ampiainen_ on totinen vihollinen , karhun raapimajäljet puussa aiheuttavat oikeata kutinaa selkärangassa .
1065	MM-sarjaa kahdeksalla pisteellä ( 52-44 ) ennen Häkkistä johtava Irvine ylsi parhaaseensa kolmannella yrittämällään , eikä saanut 	vaivaista	 0,107 _sekunnin_ jatkossa supistettua .
1066	Pekkolan tulos 624,5 ( 546 ) jäi hopeamitalista 	vaivaiset	 1,4 _pistettä_ .
1067	Mikkelin Suunnistajien Teemu Korhosen 	vaivaisella	 neljällä sekunnilla .
1068	Ajallaan 13,58 hän jäi Eveliina Peltolasta ja hopeasta 	vaivaisen	 sadasosan _päähän_ .
1070	Siellä työttömyysprosentti on 	vaivaiset	 2,2. _Uudellamaalla_ työttömyysaste on 10. Etelä-Savoa huonompi tilanne on Lapissa 23,4 , Kainuussa 21,1 , Pohjois-Karjalassa 20,7 , Keskisuomessa 19,0 sekä Pohjois-Savossa 17,7 prosenttia .
1071	Eroa Kankkuseen kertyi 	vaivaiset	 3,8 _sekuntia_ ja näin inkoolainen päätyi tienavaajaksi .
1072	Vuonna 1995 hän sijoittui 	polvivaivaisenakin	 12:nneksi _Göteborgin_ MM-kisoissa , mutta sen jälkeen - Atlantan olympialaisissa 1996 , Ateenan MM-kisoissa 1997 ja Budapestin EM-kisoissa 1998 - hän on karsiutunut finaalista .
1075	Heillä piste-eroa on 	vaivaiset	 yksi _._
1078	on 	vaivaiset	 10 _prosenttia_ .
1089	36 : s jaTami Kiuru 54:5. 	Nilkkavaivainen	 _Jani Soininen_ lähti jo maanantaina Hakubasta kotimaahan .
1091	Suomalaisittain yksi 	vaivainen	 _kisapaikka_ juuri ei lohduttanut , mitalitavoitteesta puhumattakaan .
1092	Suomalaisia matkailijoita Egyptin turismiviranomaiset rekisteröivät tammi-elokuussa 	vaivaiset	 300. _Lokakuun_ lopusta huhtikuun loppupuolelle alkavalla kaudella
1093	Heille helpotukseksi todettakoon , että syyslomaan on aikaa enää 	vaivaiset	 kaksi _viikkoa_ .
1095	Häkkinen pyrkii kasvattamaan 	vaivaista	 kahden _pisteen_ johtoasemaansa Eddie Irvineen Malesian Sepangissa ja Japanissa ajettavissa kahdessa viime kilpailussa .
1096	Paikalla oli 	vaivaiset	 3 _062_ katsojaa todistamassa tulokasjoukkueen historiallista ensimmäistä voittoa NHLissä .
1098	Suurimmat ongelmat vierailla oli torjuntapelissään , jolla he saivat kotijoukkueelta 	vaivaiset	 viisi _pistettä_ .
1099	Muuta toimittajakollegani kanssa emme keksineet sanoa , kun olimme nostaneet ns. kissan pöydälle : levittäneet kahdessa pienessä perheessä yhden 	vaivaisen	 _viikon_ aikana kertyneet pakkausjätteet kaikkien nähtäville .
1100	krapula Viime keväänä loppuotteluihin yltänyt Buffalo on alkanut kauden yhdellä 	vaivaisella	 _voitolla_ yhdeksästä ottelusta .
1105	Maalissa miesten eroa oli 	vaivaiset	 yksitoista _sekuntia_ .
1107		Vaivaiset	 250 _000_ markkaa , sihteeri avuksi ja Postin edustusauto , josta maksetaan ajopalkkiona 1,99 markkaa kilometriltä .
1108	Suomella on kahden turnauksen jälkeen yhdeksän ( 9 ) pistettä , Tshekillä kahdeksan ( 8 ) , Venäjällä viisi ( 5 ) ja nyt nollille jääneellä Ruotsilla 	vaivaiset	 kaksi _(_ 2 ) pistettä .
1110	75-hevosvoimaisen dieselkoneen kulutukseksi ilmoitetaan 	vaivaiset	 4,4 _litraa_ sadalla kilometrillä .
1112	Uuno kantaa osansa valittamatta , mutta samaa ei voi sanoa vuoristoneuvosTuurasta , joka suorastaan itkee muutaman 	vaivaisen	 _sadan_ miljoonan vuoksi .
1113	Eroa pienestä tulipalon poikasesta siirtymätaipaleella kärsineeseen Burnsiin oli 	vaivaiset	 2,8 _sekuntia_ .
1116	Mika tienaa ensi vuonna 	vaivaiset	 110 _miljoo-_
1118	18.00 Kymppitonni 490186 18.30 Kauniit ja rohkeat 475877 Yksi 	vaivainen	 yö ja heti napatärppil .
1119	35 Kauniit ja rohkeat 2730649 ( The Bold and the Beautiful ) Yksi 	vaivainen	 yö ja heti napatärppi ! .
1120	Saarelaiset hävisivät päätöserän 0-2 ja ovat koko liigan heikoin joukkue kerättyään 	vaivaiset	 15 _pistettä_ 24 ottelusta .
1123	Eikä maksa kuin 	vaivaiset	 259,95 _dollaria_ !
1128	Savolaisten torjuntapeli oli todella heikkoa , sillä räystäillä pieksämäkeläiset keräsivät ottelusta 	vaivaiset	 kuusi _pistettä_ .
1130	- se Eiköhän riitä , kun meillä on yksi 	jalkavaivainen	 _hiihtäjä_ Suomessa , Isometsä kertoi hiihtonsa jälkeen .
1133	Ottelu kesti 	vaivaiset	 kolme _varttia_ .
1134	Toiseksi hypännyt Janne Ahonen oli sijoittunut cupissa totuttuun tapaan paras suomalainen , vaikka kolmanneksi Risto Jussilainen hätyyttelikin 	vaivaisen	 3,4 _pisteen_ päässä .
1135	Loppujen lopuksi ero osien 2 ja 8 välillä jäi 	vaivaiseen	 yhteen _ääneen_ .
1137	Kolme aikaisempaa yleisen sarjan voittoa napannut jyväskyläläinen joutui antautumaan Viskarille 	vaivaisella	 seitsemällä _sadasosasekunnilla_ .
1141	Toiseksi kilpailussa laski kanadalainen olympiavoittaja Jean-Luc Brassard , joka sai myös korkeat pisteet 28,17. Kolmannen sijan vei USA:n Ryan Riley pistein 27.84. Neljänneksi laskenut Mikko Ronkainen hävisi Rileylle 	vaivaiset	 14 _sadasosapistettä_ .
1142	Neljänneksi nopeimman kuskin , Pieksämäen UA:n Jari Ketomaan , hajurako kolmostilan oli 	vaivaiset	 kaksitoista _sekunnin_ sadasosaa .
1147	Realilla on kuusi pistettä , Dynamolla kolme ja Rosenborgilla 	vaivainen	 yksi _C-lohkossa_ .
1149	Michael Knightonin yrittäessä kaapata seuraa omistukseensa vuonna 1989 Unitedin ostohinta oli 	vaivaiset	 20 _miljoonaa_ puntaa .
1150	Marseille on saanut lohkossa kokoon 	vaivaiset	 kolme _pistettä_ ja on menettänyt jo mahdollisuutensa .
1151	Pateri sai torjunnalla kasaan 	vaivaiset	 viisi _pistettä_ .
1152	Hän hävisi voittajalle , SSMK:n Pekka Korajoelle 2 minuuttia ja 21 sekuntia , mutta pronssiin ei ollut matkaa kuin 	vaivaiset	 kaksi _sekuntia_ .
1153	Viimeisen tunnin aikana Sonera kapusi jo lähes 90 euroon seitsemän prosentin lisällä Nokian tyydyttyä 	vaivaiseen	 neljän _prosentin_ petraukseen .
1154	Laitisen erotti kullasta 	vaivaiset	 2,8 _sekuntia_ .
1160	Muut suomalaiset : 13 ) Sanna Nymalm 2.09.57 , 16 ) Kirsi Boström 2.14.03. 	Jalkavaivainen	 _Yvonne Gunell_ keskeytti .
1163	Päälistan osakevaihdoksi saatiin ohuella kaupankäynnillä 	vaivaiset	 370 _miljoonaa_ euroa .
1166	Neljä vuotta nuorempien 11,5 kilometrillä RaSan Eero Piironen oli harmittavasti neljäs hävittyään pronssin vain 	vaivaisella	 seitsemällä _sekunnilla_ Mikko Patanalle .
1169	Gandhin mukaan niitä on jäljellä enää 	vaivaiset	 800 _kappaletta_ .
1170	Pieksämäen Veikkojen isännöimään Kunniakierrokseen osallistui 	vaivaiset	 viisi _juoksijaa_ , jotka haalivat Suomen valuuttaa yleisurheilulle ainoastaan 3150 markkaa .
1171	Runkosarja alkoi tuolloin vasta 20. tammikuuta ja sitä tahkottiin 	vaivaiset	 48 _ottelua_ .
1179	Ennakkosuosikki Etelä-Afrikka joutui taipumaan toisella kierroksella 	vaivaisella	 yhden _äänen_ erolla .
1180	Viimeisen tunnin aikana taakse on jäänyt 	vaivaiset	 parisataa _metriä_ Haukivettä .
1182	Huono hyppy häntä harmittikin enemmän kuin ne 	vaivaiset	 kolme _senttiä_ .
1192	Haikara hävisi hänelle vain 	vaivaiset	 kaksi _pistettä_ .
1199	Palvelualojen osuus oli 	vaivaiset	 kahdeksan _prosenttia_ .
1201	arvokasta öljyään maailmalla kauppaavat tuottajat pitäytyvät tavoitteessaan kun toteavat saavansa bensiiniin tarvittavasta öljylitrasta 	vaivaiset	 puolitoista _markkaa_ ja jokainen länsimaa veroina lähes viisi markkaa .
1203	Lopuksi haluaisin vielä sanoa , että tämän jälkeen kenelläkään ei ole mielestäni aihetta ihmetellä nuorten rellestystä torilla viikonloppuisin , kun yksi 	vaivainen	 _tapahtuma_ syksyssä on kaikki , mitä meille viihdykkeeksi tarjotaan .
1204	Bosco on juossut tänä kesänä ennätyksekseen 13,29 , Leena Spoofin Suomen ennätykseen eikä ole eroa kuin 	vaivaiset	 viisi _sadasosasekuntia_ .
1205	Rankimmin amerikkalaisten valtaistuinta pyrki Sydneyssä kallistamaan Liettua , joka välierässä piti eron kahdessa 	vaivaisessa	 _pisteessä_ .
1206	Hän ilmeisesti vilkuili muualle , kun Ranska kiristi toisella jaksolla jenkkien kummallisen räpellyksen avustuksella eroksi neljä 	vaivaista	 _pistettä_ .
1208	Amerikkalaiset ovat ottaneet projektikseen huolehtia ydinjätteestä , sanoo Toivanen ja kertoo Muurmanskin lähellä olevasta kaivoskaupungista , jossa miesten keski-ikä on 	vaivaiset	 47 _vuotta_ .
1212	Joukkue on saanut tehtyä 	vaivaiset	 neljä _maalia_ pelaamassaan kymmenessä ottelussa .
1214	Tällä hetkellä tästä määrästä otetaan talteen 	vaivaiset	 100 _000_ irtokuutiometriä .
1218		Vaivaiset	 pari _kertaa_ käräjäoikeuksien asialistoja ja istuntoja seuranneena olen vakuuttunut siitä , että aineistoa ei puutu esimerkiksi yhdeltäkään Mikkelin käräjäoikeuden tuomarilta .
1224	Testaamaan päästään , jahka lunta saadaan enemmän kuin 	vaivaiset	 kymmenisen _senttiä_ .
1225	Ennen eilistä oululaiset kokosivat yhdeksästä edellisestä ottelustaan 	vaivaiset	 neljä _pistettä_ !
1227	Hän kiilasi avauslaskun neljänneksi lähtönumerolla 40. Eroa Seeriin jäi lopputuloksissa 	vaivaiset	 kaksi _sadasosasekuntia_ .
1228	UJK oli tehnyt ennen ottelua 	vaivaiset	 52 _maalia_ , Jukurit melkein tuplasti enemmän .
1264	Bradford City on juuttunut tällä hetkellä sarjataulukon viimeiseksi 	vaivaisella	 12 _pisteellä_ ja se tulee Hyypiän mukaan näkymään myös kentällä .
1265	Raita pinnisti avauslaskussa sijalle 32 ja jäi 	vaivaiset	 15 _sadasosasekuntia_ jatkopaikasta tuoreessa sivulajissaan .
